id,type,code,name_km,name_en,districtId
1,ឃុំ,10201,បន្ទាយនាង,Banteay Neang,1
2,ឃុំ,10202,បត់ត្រង់,Bat Trang,1
3,ឃុំ,10203,ចំណោម,Chamnaom,1
4,ឃុំ,10204,គោកបល្ល័ង្គ,Kouk Ballangk,1
5,ឃុំ,10205,គយម៉ែង,Koy Maeng,1
6,ឃុំ,10206,អូរប្រាសាទ,Ou Prasat,1
7,ឃុំ,10207,ភ្នំតូច,Phnum Touch,1
8,ឃុំ,10208,រហាត់ទឹក,Rohat Tuek,1
9,ឃុំ,10209,ឫស្សីក្រោក,Ruessei Kraok,1
10,ឃុំ,10210,សំបួរ,Sambuor,1
11,ឃុំ,10211,សឿ,Soea,1
12,ឃុំ,10212,ស្រះរាំង,Srah Reang,1
13,ឃុំ,10213,តាឡំ,Ta Lam,1
14,ឃុំ,10301,ណាំតៅ,Nam Tau,2
15,ឃុំ,10302,ប៉ោយចារ,Poy Char,2
16,ឃុំ,10303,ពន្លៃ,Ponley,2
17,ឃុំ,10304,ស្ពានស្រែង,Spean Sraeng,2
18,ឃុំ,10305,ស្រះជីក,Srah Chik,2
19,ឃុំ,10306,ភ្នំដី,Phnum Dei,2
20,ឃុំ,10401,ឈ្នួរមានជ័យ,Chnuor Mean Chey,3
21,ឃុំ,10402,ជប់វារី,Chob Vari,3
22,ឃុំ,10403,ភ្នំលៀប,Phnum Lieb,3
23,ឃុំ,10404,ប្រាសាទ,Prasat,3
24,ឃុំ,10405,ព្រះនេត្រព្រះ,Preak Netr Preah,3
25,ឃុំ,10406,រហាល,Rohal,3
26,ឃុំ,10407,ទានកាំ,Tean Kam,3
27,ឃុំ,10408,ទឹកជោរ,Tuek Chour,3
28,ឃុំ,10409,បុស្បូវ,Bos Sbov,3
29,ឃុំ,10501,ចង្ហា,Changha,4
30,ឃុំ,10502,កូប,Koub,4
31,ឃុំ,10503,គុត្ដសត,Kuttasat,4
32,ឃុំ,10505,សំរោង,Samraong,4
33,ឃុំ,10506,សូភី,Souphi,4
34,ឃុំ,10507,សឹង្ហ,Soengh,4
35,ឃុំ,10509,អូរបីជាន់,Ou Beichoan,4
36,សង្កាត់,10602,កំពង់ស្វាយ,Kampong Svay,5
37,សង្កាត់,10603,កោះពងសត្វ,Kaoh Pong Satv,5
38,សង្កាត់,10604,ម្កាក់,Mkak,5
39,សង្កាត់,10605,អូរអំបិល,Ou Ambel,5
40,សង្កាត់,10606,ភ្នៀត,Phniet,5
41,សង្កាត់,10607,ព្រះពន្លា,Preah Ponlea,5
42,សង្កាត់,10608,ទឹកថ្លា,Tuek Thla,5
43,ឃុំ,10701,បន្ទាយឆ្មារ,Banteay Chhmar,6
44,ឃុំ,10702,គោករមៀត,Kouk Romiet,6
45,ឃុំ,10703,ភូមិថ្មី,Phum Thmei,6
46,ឃុំ,10704,ថ្មពួក,Thma Puok,6
47,ឃុំ,10705,គោកកឋិន,Kouk Kakthen,6
48,ឃុំ,10706,គំរូ,Kumru,6
49,ឃុំ,10801,ផ្គាំ,Phkoam,7
50,ឃុំ,10802,សារង្គ,Sarongk,7
51,ឃុំ,10803,ស្លក្រាម,Sla Kram,7
52,ឃុំ,10804,ស្វាយចេក,Svay Chek,7
53,ឃុំ,10805,តាបែន,Ta Baen,7
54,ឃុំ,10806,តាផូ,Ta Phou,7
55,ឃុំ,10807,ទ្រាស,Treas,7
56,ឃុំ,10808,រលួស,Roluos,7
57,ឃុំ,10901,បឹងបេង,Boeng Beng,8
58,ឃុំ,10902,ម៉ាឡៃ,Malai,8
59,ឃុំ,10903,អូរសំព័រ,Ou Sampoar,8
60,ឃុំ,10904,អូរស្រឡៅ,Ou Sralau,8
61,ឃុំ,10905,ទួលពង្រ,Tuol Pongro,8
62,ឃុំ,10906,តាគង់,Ta Kong,8
63,សង្កាត់,11001,និមិត្ដ,Nimitt,9
64,សង្កាត់,11002,ប៉ោយប៉ែត,Paoy Paet,9
65,សង្កាត់,11003,ផ្សារកណ្តាល,Phsar Kandal,9
66,ឃុំ,20101,កន្ទឺ ១,Kantueu Muoy,10
67,ឃុំ,20102,កន្ទឺ ២,Kantueu Pir,10
68,ឃុំ,20103,បាយដំរាំ,Bay Damram,10
69,ឃុំ,20104,ឈើទាល,Chheu Teal,10
70,ឃុំ,20105,ចែងមានជ័យ,Chaeng Mean Chey,10
71,ឃុំ,20106,ភ្នំសំពៅ,Phnum Sampov,10
72,ឃុំ,20107,ស្នឹង,Snoeng,10
73,ឃុំ,20108,តាគ្រាម,Ta Kream,10
74,ឃុំ,20201,តាពូង,Ta Pung,11
75,ឃុំ,20202,តាម៉ឺន,Ta Meun,11
76,ឃុំ,20203,អូរតាគី,Ou Ta Ki,11
77,ឃុំ,20204,ជ្រៃ,Chrey,11
78,ឃុំ,20205,អន្លង់រុន,Anlong Run,11
79,ឃុំ,20206,ជ្រោយស្ដៅ,Chrouy Sdau,11
80,ឃុំ,20207,បឹងព្រីង,Boeng Pring,11
81,ឃុំ,20208,គោកឃ្មុំ,Kouk Khmum,11
82,ឃុំ,20209,បន្សាយត្រែង,Bansay Traeng,11
83,ឃុំ,20210,រូងជ្រៃ,Rung Chrey,11
84,សង្កាត់,20301,ទួលតាឯក,Tuol Ta Ek,12
85,សង្កាត់,20302,ព្រែកព្រះស្ដេច,Prek Preah Sdach,12
86,សង្កាត់,20303,រតនៈ,Rottanak,12
87,សង្កាត់,20304,ចំការសំរោង,Chomkar Somraong,12
88,សង្កាត់,20305,ស្លាកែត,Sla Ket,12
89,សង្កាត់,20306,ក្ដុលដូនទាវ,Kdol Doun Teav,12
90,សង្កាត់,20307,អូរម៉ាល់,OMal,12
91,សង្កាត់,20308,វត្ដគរ,wat Kor,12
92,សង្កាត់,20309,អូរចារ,Ou Char,12
93,សង្កាត់,20310,ស្វាយប៉ោ,Svay Por,12
94,ឃុំ,20401,បវេល,Bavel,13
95,ឃុំ,20402,ខ្នាចរមាស,Khnach Romeas,13
96,ឃុំ,20403,ល្វា,Lvea,13
97,ឃុំ,20404,ព្រៃខ្ពស់,Prey Khpos,13
98,ឃុំ,20405,អំពិលប្រាំដើម,Ampil Pram Daeum,13
99,ឃុំ,20406,ក្ដុលតាហែន,Kdol Ta Haen,13
100,ឃុំ,20407,ឃ្លាំងមាស,Khlaeng Meas,13
101,ឃុំ,20408,បឹងប្រាំ,Boeung Pram,13
102,ឃុំ,20501,ព្រែកនរិន្ទ,Preaek Norint,14
103,ឃុំ,20502,សំរោងក្នុង,Samraong Knong,14
104,ឃុំ,20503,ព្រែកខ្ពប,Preaek Khpob,14
105,ឃុំ,20504,ព្រែកហ្លួង,Preaek Luong,14
106,ឃុំ,20505,ពាមឯក,Peam Aek,14
107,ឃុំ,20506,ព្រៃចាស់,Prey Chas,14
108,ឃុំ,20507,កោះជីវាំង,Kaoh Chiveang,14
109,ឃុំ,20601,មោង,Moung,15
110,ឃុំ,20602,គារ,Kear,15
111,ឃុំ,20603,ព្រៃស្វាយ,Prey Svay,15
112,ឃុំ,20604,ឫស្សីក្រាំង,Ruessei Krang,15
113,ឃុំ,20605,ជ្រៃ,Chrey,15
114,ឃុំ,20606,តាលាស់,Ta Loas,15
115,ឃុំ,20607,កកោះ,Kakaoh,15
116,ឃុំ,20608,ព្រៃតូច,Prey Touch,15
117,ឃុំ,20609,របស់មង្គល,Robas Mongkol,15
118,ឃុំ,20701,ស្ដៅ,Sdau,16
119,ឃុំ,20702,អណ្ដើកហែប,Andaeuk Haeb,16
120,ឃុំ,20703,ផ្លូវមាស,Phlov Meas,16
121,ឃុំ,20704,ត្រែង,Traeng,16
122,ឃុំ,20705,រស្មីសង្ហារ,Reaksmei Songha,16
123,ឃុំ,20801,អន្លង់វិល,Anlong Vil,17
124,ឃុំ,20802,នរា,Norea,17
125,ឃុំ,20803,តាប៉ុន,Ta Pon,17
126,ឃុំ,20804,រកា,Roka,17
127,ឃុំ,20805,កំពង់ព្រះ,Kampong Preah,17
128,ឃុំ,20806,កំពង់ព្រៀង,Kampong Prieng,17
129,ឃុំ,20807,រាំងកេសី,Reang Kesei,17
130,ឃុំ,20808,អូរដំបង ១,Ou Dambang Muoy,17
131,ឃុំ,20809,អូរដំបង ២,Ou Dambang Pir,17
132,ឃុំ,20810,វត្ដតាមិម,Vaot Ta Muem,17
133,ឃុំ,20901,តាតោក,Ta Taok,18
134,ឃុំ,20902,កំពង់ល្ពៅ,Kampong Lpov,18
135,ឃុំ,20903,អូរសំរិល,Ou Samril,18
136,ឃុំ,20904,ស៊ុង,Sung,18
137,ឃុំ,20905,សំឡូត,Samlout,18
138,ឃុំ,20906,មានជ័យ,Mean Chey,18
139,ឃុំ,20907,តាសាញ,Ta Sanh,18
140,ឃុំ,21001,សំពៅលូន,Sampov Lun,19
141,ឃុំ,21002,អង្គរបាន,Angkor Ban,19
142,ឃុំ,21003,តាស្ដា,Ta Sda,19
143,ឃុំ,21004,សន្ដិភាព,Santepheap,19
144,ឃុំ,21005,សេរីមានជ័យ,Serei Mean Chey,19
145,ឃុំ,21006,ជ្រៃសីមា,Chrey Seima,19
146,ឃុំ,21101,ភ្នំព្រឹក,Phnum Proek,20
147,ឃុំ,21102,ពេជ្រចិន្ដា,Pech Chenda,20
148,ឃុំ,21103,បួរ,Bour,20
149,ឃុំ,21104,បារាំងធ្លាក់,Barang Thleak,20
150,ឃុំ,21105,អូររំដួល,Ou Rumduol,20
151,ឃុំ,21201,កំរៀង,Kamrieng,21
152,ឃុំ,21202,បឹងរាំង,Boeng Reang,21
153,ឃុំ,21203,អូរដា,Ou Da,21
154,ឃុំ,21204,ត្រាង,Trang,21
155,ឃុំ,21205,តាសែន,Ta Saen,21
156,ឃុំ,21206,តាក្រី,Ta Krei,21
157,ឃុំ,21301,ធិបតី,Thipakdei,22
158,ឃុំ,21302,គាស់ក្រឡ,Kaos Krala,22
159,ឃុំ,21303,ហប់,Hab,22
160,ឃុំ,21304,ព្រះផុស,Preah Phos,22
161,ឃុំ,21305,ដូនបា,Doun Ba,22
162,ឃុំ,21306,ឆ្នាល់មាន់,Chhnal Moan,22
163,ឃុំ,21401,ព្រែកជីក,Preaek Chik,23
164,ឃុំ,21402,ព្រៃត្រឡាច,Prey Tralach,23
165,ឃុំ,21403,មុខរាហ៍,Mukh Reah,23
166,ឃុំ,21404,ស្តុកប្រវឹក,Sdok Pravoek,23
167,ឃុំ,21405,បាសាក់,Basak,23
168,ឃុំ,30101,បាធាយ,Batheay,24
169,ឃុំ,30102,ច្បារអំពៅ,Chbar Ampov,24
170,ឃុំ,30103,ជាលា,Chealea,24
171,ឃុំ,30104,ជើងព្រៃ,Cheung Prey,24
172,ឃុំ,30105,មេព្រីង,Me Pring,24
173,ឃុំ,30106,ផ្អាវ,Ph'av,24
174,ឃុំ,30107,សំបូរ,Sambour,24
175,ឃុំ,30108,សណ្ដែក,Sandaek,24
176,ឃុំ,30109,តាំងក្រាំង,Tang Krang,24
177,ឃុំ,30110,តាំងក្រសាំង,Tang Krasang,24
178,ឃុំ,30111,ត្រប់,Trab,24
179,ឃុំ,30112,ទំនប់,Tumnob,24
180,ឃុំ,30201,បុសខ្នុរ,Bos Khnor,25
181,ឃុំ,30202,ចំការអណ្ដូង,Chamkar Andoung,25
182,ឃុំ,30203,ជយោ,Cheyyou,25
183,ឃុំ,30204,ល្វាលើ,Lvea Leu,25
184,ឃុំ,30205,ស្ពឺ,Spueu,25
185,ឃុំ,30206,ស្វាយទាប,Svay Teab,25
186,ឃុំ,30207,តាអុង,Ta Ong,25
187,ឃុំ,30208,តាប្រុក,Ta Prok,25
188,ឃុំ,30301,ខ្នុរដំបង,Khnor Dambang,26
189,ឃុំ,30302,គោករវៀង,Kouk Rovieng,26
190,ឃុំ,30303,ផ្ដៅជុំ,Pdau Chum,26
191,ឃុំ,30304,ព្រៃចារ,Prey Char,26
192,ឃុំ,30305,ព្រីងជ្រុំ,Pring Chrum,26
193,ឃុំ,30306,សំពងជ័យ,Sampong Chey,26
194,ឃុំ,30307,ស្ដើងជ័យ,Sdaeung Chey,26
195,ឃុំ,30308,សូទិព្វ,Soutib,26
196,ឃុំ,30309,ស្រម៉រ,Sramar,26
197,ឃុំ,30310,ត្រពាំងគរ,Trapeang Kor,26
198,សង្កាត់,30501,បឹងកុក,Boeng Kok,27
199,សង្កាត់,30502,កំពង់ចាម,Kampong Cham,27
200,សង្កាត់,30503,សំបួរមាស,Sambuor Meas,27
201,សង្កាត់,30504,វាលវង់,Veal Vong,27
202,ឃុំ,30601,អំពិល,Ampil,28
203,ឃុំ,30602,ហាន់ជ័យ,Hanchey,28
204,ឃុំ,30603,កៀនជ្រៃ,Kien Chrey,28
205,ឃុំ,30604,គគរ,Kokor,28
206,ឃុំ,30605,កោះមិត្ដ,Kaoh Mitt,28
207,ឃុំ,30606,កោះរកា,Kaoh Roka,28
208,ឃុំ,30607,កោះសំរោង,Kaoh Samraong,28
209,ឃុំ,30608,កោះទន្ទឹម,Kaoh Tontuem,28
210,ឃុំ,30609,ក្រឡា,Krala,28
211,ឃុំ,30610,អូរស្វាយ,Ou Svay,28
212,ឃុំ,30611,រអាង,Ro'ang,28
213,ឃុំ,30612,រំចេក,Rumchek,28
214,ឃុំ,30613,ស្រក,Srak,28
215,ឃុំ,30614,ទ្រាន,Trean,28
216,ឃុំ,30615,វិហារធំ,Vihear Thum,28
217,ឃុំ,30701,អង្គរបាន,Angkor Ban,29
218,ឃុំ,30702,កងតាណឹង,Kang Ta Noeng,29
219,ឃុំ,30703,ខ្ចៅ,Khchau,29
220,ឃុំ,30704,ពាមជីកង,Peam Chi Kang,29
221,ឃុំ,30705,ព្រែកកុយ,Preaek Koy,29
222,ឃុំ,30706,ព្រែកក្របៅ,Preaek Krabau,29
223,ឃុំ,30707,រាយប៉ាយ,Reay Pay,29
224,ឃុំ,30708,រកាអារ,Roka Ar,29
225,ឃុំ,30709,រកាគយ,Roka Koy,29
226,ឃុំ,30710,ស្ដៅ,Sdau,29
227,ឃុំ,30711,សូរគង,Sour Kong,29
228,ឃុំ,30801,កំពង់រាប,Kampong Reab,30
229,ឃុំ,30802,កោះសូទិន,Kaoh Sotin,30
230,ឃុំ,30803,ល្វេ,Lve,30
231,ឃុំ,30804,មហាលាភ,Moha Leaph,30
232,ឃុំ,30805,មហាខ្ញូង,Moha Khnhoung,30
233,ឃុំ,30806,ពាមប្រធ្នោះ,Peam Prathnuoh,30
234,ឃុំ,30807,ពង្រ,Pongro,30
235,ឃុំ,30808,ព្រែកតានង់,Preaek Ta Nong,30
236,ឃុំ,31301,បារាយណ៍,Baray,31
237,ឃុំ,31302,បឹងណាយ,Boeng Nay,31
238,ឃុំ,31303,ជ្រៃវៀន,Chrey Vien,31
239,ឃុំ,31304,ខ្វិតធំ,Khvet Thum,31
240,ឃុំ,31305,គរ,Kor,31
241,ឃុំ,31306,ក្រូច,Krouch,31
242,ឃុំ,31307,ល្វា,Lvea,31
243,ឃុំ,31308,មៀន,Mien,31
244,ឃុំ,31309,ព្រៃឈរ,Prey Chhor,31
245,ឃុំ,31310,សូរ្យសែន,Sour Saen,31
246,ឃុំ,31311,សំរោង,Samraong,31
247,ឃុំ,31312,ស្រង៉ែ,Sragnae,31
248,ឃុំ,31313,ថ្មពូន,Thma Pun,31
249,ឃុំ,31314,តុងរ៉ុង,Tong Rong,31
250,ឃុំ,31315,ត្រពាំងព្រះ,Trapeang Preah,31
251,ឃុំ,31401,បារាយណ៍,Baray,32
252,ឃុំ,31402,ជីបាល,Chi Bal,32
253,ឃុំ,31403,ខ្នារស,Khnar Sa,32
254,ឃុំ,31404,កោះអណ្ដែត,Kaoh Andaet,32
255,ឃុំ,31405,មានជ័យ,Mean Chey,32
256,ឃុំ,31406,ផ្ទះកណ្ដាល,Phteah Kandal,32
257,ឃុំ,31407,ប្រាំយ៉ាម,Pram Yam,32
258,ឃុំ,31408,ព្រែកដំបូក,Preaek Dambouk,32
259,ឃុំ,31409,ព្រែកពោធិ,Preaek Pou,32
260,ឃុំ,31410,ព្រែករំដេង,Preaek Rumdeng,32
261,ឃុំ,31411,ឫស្សីស្រុក,Ruessei Srok,32
262,ឃុំ,31412,ស្វាយពោធិ,Svay Pou,32
263,ឃុំ,31413,ស្វាយខ្សាច់ភ្នំ,Svay Khsach Phnum,32
264,ឃុំ,31414,ទងត្រឡាច,Tong Tralach,32
265,ឃុំ,31501,អារក្សត្នោត,Areaks Tnot,33
266,ឃុំ,31503,ដងក្ដារ,Dang Kdar,33
267,ឃុំ,31504,ខ្ពបតាងួន,Khpob Ta Nguon,33
268,ឃុំ,31505,មេសរជ្រៃ,Me Sar Chrey,33
269,ឃុំ,31506,អូរម្លូ,Ou Mlu,33
270,ឃុំ,31507,ពាមកោះស្នា,Peam Kaoh Snar,33
271,ឃុំ,31508,ព្រះអណ្ដូង,Preah Andoung,33
272,ឃុំ,31509,ព្រែកបាក់,Preaek Bak,33
273,ឃុំ,31510,ព្រែកកក់,Preak Kak,33
274,ឃុំ,31512,សូភាស,Soupheas,33
275,ឃុំ,31513,ទួលព្រះឃ្លាំង,Tuol Preah Khleang,33
276,ឃុំ,31514,ទួលសំបួរ,Tuol Sambuor,33
277,ឃុំ,40101,អញ្ចាញរូង,Anhchanh Rung,34
278,ឃុំ,40102,ឆ្នុកទ្រូ,Chhnok Tru,34
279,ឃុំ,40103,ចក,Chak,34
280,ឃុំ,40104,ខុនរ៉ង,Khon Rang,34
281,ឃុំ,40105,កំពង់ព្រះគគីរ,Kampong Preah Kokir,34
282,ឃុំ,40106,មេលំ,Melum,34
283,ឃុំ,40107,ផ្សារ,Phsar,34
284,ឃុំ,40108,ពេជចង្វារ,Pech Changvar,34
285,ឃុំ,40109,ពពេល,Popel,34
286,ឃុំ,40110,ពន្លៃ,Ponley,34
287,ឃុំ,40111,ត្រពាំងចាន់,Trapeang Chan,34
288,ឃុំ,40201,ជលសា,Chol Sar,35
289,ឃុំ,40202,កោះថ្កូវ,Kaoh Thkov,35
290,ឃុំ,40203,កំពង់អុស,Kampong Ous,35
291,ឃុំ,40204,ពាមឆ្កោក,Peam Chhkaok,35
292,ឃុំ,40205,ព្រៃគ្រី,Prey Kri,35
293,សង្កាត់,40301,ផ្សារឆ្នាំង,Phsar Chhnang,36
294,សង្កាត់,40302,កំពង់ឆ្នាំង,Kampong Chhnang,36
295,សង្កាត់,40303,ប្អេរ,B'er,36
296,សង្កាត់,40304,ខ្សាម,Khsam,36
297,ឃុំ,40401,ច្រណូក,Chranouk,37
298,ឃុំ,40402,ដារ,Dar,37
299,ឃុំ,40403,កំពង់ហៅ,Kampong Hau,37
300,ឃុំ,40404,ផ្លូវទូក,Phlov Tuk,37
301,ឃុំ,40405,ពោធិ៍,Pou,37
302,ឃុំ,40406,ប្រឡាយមាស,Pralay Meas,37
303,ឃុំ,40407,សំរោងសែន,Samraong Saen,37
304,ឃុំ,40408,ស្វាយរំពារ,Svay Rumpear,37
305,ឃុំ,40409,ត្រងិល,Trangel,37
306,ឃុំ,40501,អំពិលទឹក,Ampil Tuek,38
307,ឃុំ,40502,ឈូកស,Chhuk Sa,38
308,ឃុំ,40503,ច្រេស,Chres,38
309,ឃុំ,40504,កំពង់ត្រឡាច,Kampong Tralach,38
310,ឃុំ,40505,លង្វែក,Longveaek,38
311,ឃុំ,40506,អូរឫស្សី,Ou Ruessei,38
312,ឃុំ,40507,ពានី,Peani,38
313,ឃុំ,40508,សែប,Saeb,38
314,ឃុំ,40509,តាជេស,Ta Ches,38
315,ឃុំ,40510,ថ្មឥដ្ឋ,Thma Edth,38
316,ឃុំ,40601,អណ្ដូងស្នាយ,Andoung Snay,39
317,ឃុំ,40602,បន្ទាយព្រាល,Banteay Preal,39
318,ឃុំ,40603,ជើងគ្រាវ,Cheung Kreav,39
319,ឃុំ,40604,ជ្រៃបាក់,Chrey Bak,39
320,ឃុំ,40605,គោកបន្ទាយ,Kouk Banteay,39
321,ឃុំ,40606,ក្រាំងលាវ,Krang Leav,39
322,ឃុំ,40607,ពង្រ,Pongro,39
323,ឃុំ,40608,ប្រស្នឹប,Prasnoeb,39
324,ឃុំ,40609,ព្រៃមូល,Prey Mul,39
325,ឃុំ,40610,រលាប្អៀរ,Rolea B'ier,39
326,ឃុំ,40611,ស្រែថ្មី,Srae Thmei,39
327,ឃុំ,40612,ស្វាយជ្រុំ,Svay Chrum,39
328,ឃុំ,40613,ទឹកហូត,Tuek Hout,39
329,ឃុំ,40701,ឈានឡើង,Chhean Laeung,40
330,ឃុំ,40702,ខ្នារឆ្មារ,Khnar Chhmar,40
331,ឃុំ,40703,ក្រាំងល្វា,Krang Lvea,40
332,ឃុំ,40704,ពាម,Peam,40
333,ឃុំ,40705,សេដ្ឋី,Sedthei,40
334,ឃុំ,40706,ស្វាយ,Svay,40
335,ឃុំ,40707,ស្វាយជុក,Svay Chuk,40
336,ឃុំ,40708,ត្បែងខ្ពស់,Tbaeng Khpos,40
337,ឃុំ,40709,ធ្លកវៀន,Thlok Vien,40
338,ឃុំ,40801,អភិវឌ្ឍន៍,Akphivoadth,41
339,ឃុំ,40802,ជៀប,Chieb,41
340,ឃុំ,40803,ចោងម៉ោង,Chaong Maong,41
341,ឃុំ,40804,ក្បាលទឹក,Kbal Tuek,41
342,ឃុំ,40805,ខ្លុងពពក,Khlong Popok,41
343,ឃុំ,40806,ក្រាំងស្គារ,Krang Skear,41
344,ឃុំ,40807,តាំងក្រសាំង,Tang Krasang,41
345,ឃុំ,40808,ទួលខ្ពស់,Tuol Khpos,41
346,ឃុំ,40809,ក្តុលសែនជ័យ,Kdol Saen Chey,41
347,ឃុំ,50101,បរសេដ្ឋ,Basedth,42
348,ឃុំ,50102,កាត់ភ្លុក,Kat Phluk,42
349,ឃុំ,50103,និទាន,Nitean,42
350,ឃុំ,50104,ភក្ដី,Pheakdei,42
351,ឃុំ,50105,ភារីមានជ័យ,Pheari Mean Chey,42
352,ឃុំ,50106,ផុង,Phong,42
353,ឃុំ,50107,ពោធិអង្ក្រង,Pou Angkrang,42
354,ឃុំ,50108,ពោធិ៍ចំរើន,Pou Chamraeun,42
355,ឃុំ,50109,ពោធិ៍ម្រាល,Pou Mreal,42
356,ឃុំ,50110,ស្វាយចចិប,Svay Chacheb,42
357,ឃុំ,50111,ទួលអំពិល,Tuol Ampil,42
358,ឃុំ,50112,ទួលសាលា,Tuol Sala,42
359,ឃុំ,50113,កក់,Kak,42
360,ឃុំ,50114,ស្វាយរំពារ,Svay Rumpear,42
361,ឃុំ,50115,ព្រះខែ,Preah Khae,42
362,សង្កាត់,50201,ច្បារមន,Chbar Mon,43
363,សង្កាត់,50202,កណ្ដោលដុំ,Kandaol Dom,43
364,សង្កាត់,50203,រការធំ,Rokar Thum,43
365,សង្កាត់,50204,សុព័រទេព,Sopoar Tep,43
366,សង្កាត់,50205,ស្វាយក្រវ៉ាន់,Svay Kravan,43
367,ឃុំ,50301,អង្គពពេល,Angk Popel,44
368,ឃុំ,50302,ជង្រុក,Chongruk,44
369,ឃុំ,50303,មហាឫស្សី,Moha Ruessei,44
370,ឃុំ,50304,ពេជ្រមុនី,Pechr Muni,44
371,ឃុំ,50305,ព្រះនិព្វាន,Preah Nipean,44
372,ឃុំ,50306,ព្រៃញាតិ,Prey Nheat,44
373,ឃុំ,50307,ព្រៃវិហារ,Prey Vihear,44
374,ឃុំ,50308,រកាកោះ,Roka Kaoh,44
375,ឃុំ,50309,ស្ដុក,Sdok,44
376,ឃុំ,50310,ស្នំក្រពើ,Snam Krapeu,44
377,ឃុំ,50311,ស្រង់,Srang,44
378,ឃុំ,50312,ទឹកល្អក់,Tuek L'ak,44
379,ឃុំ,50313,វាល,Veal,44
380,ឃុំ,50401,ហោងសំណំ,Haong Samnam,45
381,ឃុំ,50402,រស្មីសាមគ្គី,Reaksmei Sameakki,45
382,ឃុំ,50403,ត្រពាំងជោ,Trapeang Chour,45
383,ឃុំ,50404,សង្កែសាទប,Sangkae Satob,45
384,ឃុំ,50405,តាសាល,Ta Sal,45
385,ឃុំ,50501,ចាន់សែន,Chan Saen,46
386,ឃុំ,50502,ជើងរាស់,Cheung Roas,46
387,ឃុំ,50503,ជំពូព្រឹក្ស,Chumpu Proeks,46
388,ឃុំ,50504,ក្សេមក្សាន្ដ,Khsem Khsant,46
389,ឃុំ,50505,ក្រាំងចេក,Krang Chek,46
390,ឃុំ,50506,មានជ័យ,Mean Chey,46
391,ឃុំ,50507,ព្រះស្រែ,Preah Srae,46
392,ឃុំ,50508,ព្រៃក្រសាំង,Prey Krasang,46
393,ឃុំ,50509,ត្រាចទង,Trach Tong,46
394,ឃុំ,50510,វាលពង់,Veal Pong,46
395,ឃុំ,50511,វាំងចាស់,Veang Chas,46
396,ឃុំ,50512,យុទ្ធសាមគ្គី,Yutth Sameakki,46
397,ឃុំ,50513,ដំណាក់រាំង,Damnak Reang,46
398,ឃុំ,50514,ពាំងល្វា,Peang Lvea,46
399,ឃុំ,50515,ភ្នំតូច,Phnom Touch,46
400,ឃុំ,50601,ចំបក់,Chambak,47
401,ឃុំ,50602,ជាំសង្កែ,Choam Sangkae,47
402,ឃុំ,50603,ដំបូករូង,Dambouk Rung,47
403,ឃុំ,50604,គិរីវន្ដ,Kiri Voan,47
404,ឃុំ,50605,ក្រាំងដីវ៉ាយ,Krang Dei Vay,47
405,ឃុំ,50606,មហាសាំង,Moha Sang,47
406,ឃុំ,50607,អូរ,Ou,47
407,ឃុំ,50608,ព្រៃរំដួល,Prey Rumduol,47
408,ឃុំ,50609,ព្រៃក្មេង,Prey Kmeng,47
409,ឃុំ,50610,តាំងសំរោង,Tang Samraong,47
410,ឃុំ,50611,តាំងស្យា,Tang Sya,47
411,ឃុំ,50613,ត្រែងត្រយឹង,Traeng Trayueng,47
412,ឃុំ,50701,រលាំងចក,Roleang Chak,48
413,ឃុំ,50702,កាហែង,Kahaeng,48
414,ឃុំ,50703,ខ្ទុំក្រាំង,Khtum Krang,48
415,ឃុំ,50704,ក្រាំងអំពិល,Krang Ampil,48
416,ឃុំ,50705,ព្នាយ,Pneay,48
417,ឃុំ,50706,រលាំងគ្រើល,Roleang Kreul,48
418,ឃុំ,50707,សំរោងទង,Samrong Tong,48
419,ឃុំ,50708,សំបូរ,Sambour,48
420,ឃុំ,50709,សែងដី,Saen Dei,48
421,ឃុំ,50710,ស្គុះ,Skuh,48
422,ឃុំ,50711,តាំងក្រូច,Tang Krouch,48
423,ឃុំ,50712,ធម្មតាអរ,Thummoda Ar,48
424,ឃុំ,50713,ត្រពាំងគង,Trapeang Kong,48
425,ឃុំ,50714,ទំព័រមាស,Tumpoar Meas,48
426,ឃុំ,50715,វល្លិសរ,Voa Sar,48
427,ឃុំ,50801,អមលាំង,Amleang,49
428,ឃុំ,50802,មនោរម្យ,Monourom,49
429,ឃុំ,50804,ប្រាំបីមុម,Prambei Mum,49
430,ឃុំ,50805,រុងរឿង,Rung Roeang,49
431,ឃុំ,50806,ទ័ពមាន,Toap Mean,49
432,ឃុំ,50807,វាលពន់,Veal Pon,49
433,ឃុំ,50808,យាអង្គ,Yea Angk,49
434,ឃុំ,60101,បាក់ស្នា,Bak Sna,50
435,ឃុំ,60102,បល្ល័ង្គ,Ballangk,50
436,ឃុំ,60103,បារាយណ៍,Baray,50
437,ឃុំ,60104,បឹង,Boeng,50
438,ឃុំ,60105,ចើងដើង,Chaeung Daeung,50
439,ឃុំ,60107,ឈូកខ្សាច់,Chhuk Khsach,50
440,ឃុំ,60108,ចុងដូង,Chong Doung,50
441,ឃុំ,60110,គគីធំ,Kokir Thum,50
442,ឃុំ,60111,ក្រវ៉ា,Krava,50
443,ឃុំ,60117,ត្នោតជុំ,Tnaot Chum,50
444,ឃុំ,60201,ជ័យ,Chey,51
445,ឃុំ,60202,ដំរីស្លាប់,Damrei Slab,51
446,ឃុំ,60203,កំពង់គោ,Kampong Kou,51
447,ឃុំ,60204,កំពង់ស្វាយ,Kampong Svay,51
448,ឃុំ,60205,នីពេជ,Nipech,51
449,ឃុំ,60206,ផាត់សណ្ដាយ,Phat Sanday,51
450,ឃុំ,60207,សាន់គ,San Kor,51
451,ឃុំ,60208,ត្បែង,Tbaeng,51
452,ឃុំ,60209,ត្រពាំងឫស្សី,Trapeang Ruessei,51
453,ឃុំ,60210,ក្ដីដូង,Kdei Doung,51
454,ឃុំ,60211,ព្រៃគុយ,Prey Kuy,51
455,សង្កាត់,60301,ដំរីជាន់ខ្លា,Damrei Choan Khla,52
456,សង្កាត់,60302,កំពង់ធំ,Kampong Thum,52
457,សង្កាត់,60303,កំពង់រទេះ,Kampong Roteh,52
458,សង្កាត់,60304,អូរកន្ធរ,Ou Kanthor,52
459,សង្កាត់,60306,កំពង់ក្របៅ,Kampong Krabau,52
460,សង្កាត់,60308,ព្រៃតាហ៊ូ,Prey Ta Hu,52
461,សង្កាត់,60309,អាចារ្យលាក់,Achar Leak,52
462,សង្កាត់,60310,ស្រយ៉ូវ,Srayov,52
463,ឃុំ,60401,ដូង,Doung,53
464,ឃុំ,60402,ក្រយា,Kraya,53
465,ឃុំ,60403,ផាន់ញើម,Phan Nheum,53
466,ឃុំ,60404,សាគ្រាម,Sakream,53
467,ឃុំ,60405,សាលាវិស័យ,Sala Visai,53
468,ឃុំ,60406,សាមគ្គី,Sameakki,53
469,ឃុំ,60407,ទួលគ្រើល,Tuol Kreul,53
470,ឃុំ,60501,ឈូក,Chhuk,54
471,ឃុំ,60502,គោល,Koul,54
472,ឃុំ,60503,សំបូរណ៍,Sambour,54
473,ឃុំ,60504,ស្រើង,Sraeung,54
474,ឃុំ,60505,តាំងក្រសៅ,Tang Krasau,54
475,ឃុំ,60601,ឈើទាល,Chheu Teal,55
476,ឃុំ,60602,ដងកាំបិត,Dang Kambet,55
477,ឃុំ,60603,ក្លែង,Klaeng,55
478,ឃុំ,60604,មានរិទ្ធ,Mean Rith,55
479,ឃុំ,60605,មានជ័យ,Mean Chey,55
480,ឃុំ,60606,ងន,Ngan,55
481,ឃុំ,60607,សណ្ដាន់,Sandan,55
482,ឃុំ,60608,សុចិត្រ,Sochet,55
483,ឃុំ,60609,ទំរីង,Tum Ring,55
484,ឃុំ,60701,បឹងល្វា,Boeng Lvea,56
485,ឃុំ,60702,ជ្រាប់,Chroab,56
486,ឃុំ,60703,កំពង់ថ្ម,Kampong Thma,56
487,ឃុំ,60704,កកោះ,Kakaoh,56
488,ឃុំ,60705,ក្រយា,Kraya,56
489,ឃុំ,60706,ព្នៅ,Pnov,56
490,ឃុំ,60707,ប្រាសាទ,Prasat,56
491,ឃុំ,60708,តាំងក្រសាំង,Tang Krasang,56
492,ឃុំ,60709,ទីពោ,Ti Pou,56
493,ឃុំ,60710,ត្បូងក្រពើ,Tboung Krapeu,56
494,ឃុំ,60801,បន្ទាយស្ទោង,Banteay Stoung,57
495,ឃុំ,60802,ចំណាក្រោម,Chamna Kraom,57
496,ឃុំ,60803,ចំណាលើ,Chamna Leu,57
497,ឃុំ,60804,កំពង់ចិនជើង,Kampong Chen Cheung,57
498,ឃុំ,60805,កំពង់ចិនត្បូង,Kampong Chen Tboung,57
499,ឃុំ,60806,ម្សាក្រង,Msa Krang,57
500,ឃុំ,60807,ពាមបាង,Peam Bang,57
501,ឃុំ,60808,ពពក,Popok,57
502,ឃុំ,60809,ប្រឡាយ,Pralay,57
503,ឃុំ,60810,ព្រះដំរី,Preah Damrei,57
504,ឃុំ,60811,រុងរឿង,Rung Roeang,57
505,ឃុំ,60812,សំព្រោជ,Samprouch,57
506,ឃុំ,60813,ទ្រា,Trea,57
507,ឃុំ,60901,ពង្រ,Pongro,58
508,ឃុំ,60902,ច្រនាង,Chraneang,58
509,ឃុំ,60903,ជ្រលង,Chrolong,58
510,ឃុំ,60904,ទ្រៀល,Triel,58
511,ឃុំ,60905,សូយោង,Sou Young,58
512,ឃុំ,60906,ស្រឡៅ,Sralau,58
513,ឃុំ,60907,ស្វាយភ្លើង,Svay Phleung,58
514,ឃុំ,60908,អណ្ដូងពោធិ៍,Andoung Pou,58
515,ឃុំ,70101,អង្គភ្នំតូច,Angk Phnum Touch,59
516,ឃុំ,70102,អង្គរជ័យ,Ankor Chey,59
517,ឃុំ,70103,ចំប៉ី,Champei,59
518,ឃុំ,70104,ដំបូកខ្ពស់,Dambouk Khpos,59
519,ឃុំ,70105,ដានគោម,Dan Koum,59
520,ឃុំ,70106,ដើមដូង,Daeum Doung,59
521,ឃុំ,70107,ម្រោម,Mroum,59
522,ឃុំ,70108,ភ្នំកុង,Phnum Kong,59
523,ឃុំ,70109,ប្រភ្នំ,Praphnum,59
524,ឃុំ,70110,សំឡាញ,Samlanh,59
525,ឃុំ,70111,តានី,Tani,59
526,ឃុំ,70201,បន្ទាយមាសខាងកើត,Banteay Meas Khang Kaeut,60
527,ឃុំ,70202,បន្ទាយមាសខាងលិច,Banteay Meas Khang lech,60
528,ឃុំ,70203,ព្រៃទន្លេ,Prey Tonle,60
529,ឃុំ,70204,សំរោងក្រោម,Samraong Kraom,60
530,ឃុំ,70205,សំរោងលើ,Samraong Leu,60
531,ឃុំ,70206,ស្ដេចគង់ខាងជើង,Sdach Kong Khang Cheung,60
532,ឃុំ,70207,ស្ដេចគង់ខាងលិច,Sdach Kong Khang lech,60
533,ឃុំ,70208,ស្ដេចគង់ខាងត្បូង,Sdach Kong Khang Tboung,60
534,ឃុំ,70209,ត្នោតចុងស្រង់,Tnoat Chong Srang,60
535,ឃុំ,70210,ត្រពាំងសាលាខាងកើត,Trapeang Sala Khang Kaeut,60
536,ឃុំ,70211,ត្រពាំងសាលាខាងលិច,Trapeang Sala Khang Lech,60
537,ឃុំ,70212,ទូកមាសខាងកើត,Tuk Meas Khang Kaeut,60
538,ឃុំ,70213,ទូកមាសខាងលិច,Tuk Meas Khang Lech,60
539,ឃុំ,70214,វត្ដអង្គខាងជើង,Voat Angk Khang Cheung,60
540,ឃុំ,70215,វត្ដអង្គខាងត្បូង,Voat Angk Khang Tboung,60
541,ឃុំ,70301,បានៀវ,Baniev,61
542,ឃុំ,70302,តាកែន,Takaen,61
543,ឃុំ,70303,បឹងនិមល,Boeng Nimol,61
544,ឃុំ,70304,ឈូក,Chhuk,61
545,ឃុំ,70305,ដូនយ៉យ,Doun Yay,61
546,ឃុំ,70306,ក្រាំងស្បូវ,Krang Sbov,61
547,ឃុំ,70307,ក្រាំងស្នាយ,Krang Snay,61
548,ឃុំ,70308,ល្បើក,Lbaeuk,61
549,ឃុំ,70309,ត្រពាំងភ្លាំង,Trapeang Phleang,61
550,ឃុំ,70310,មានជ័យ,Mean Chey,61
551,ឃុំ,70311,នារាយណ៍,Neareay,61
552,ឃុំ,70312,សត្វពង,Satv Pong,61
553,ឃុំ,70313,ត្រពាំងបី,Trapeang Bei,61
554,ឃុំ,70314,ត្រមែង,Tramaeng,61
555,ឃុំ,70315,តេជោអភិវឌ្ឍន៍,Dechou Akphivoadth,61
556,ឃុំ,70401,ច្រេស,Chres,62
557,ឃុំ,70402,ជំពូវន្ដ,Chumpu Voan,62
558,ឃុំ,70403,ស្នាយអញ្ជិត,Snay Anhchit,62
559,ឃុំ,70404,ស្រែចែង,Srae Chaeng,62
560,ឃុំ,70405,ស្រែក្នុង,Srae Knong,62
561,ឃុំ,70406,ស្រែសំរោង,Srae Samraong,62
562,ឃុំ,70407,ត្រពាំងរាំង,Trapeang Reang,62
563,ឃុំ,70501,ដំណាក់សុក្រំ,Damnak Sokram,63
564,ឃុំ,70502,ដងទង់,Dang Tong,63
565,ឃុំ,70503,ឃ្ជាយខាងជើង,Khcheay Khang Cheung,63
566,ឃុំ,70504,ខ្ជាយខាងត្បូង,Khcheay Khang Tboung,63
567,ឃុំ,70505,មានរិទ្ធិ,Mean Ritth,63
568,ឃុំ,70506,ស្រែជាខាងជើង,Srae Chea Khang Cheung,63
569,ឃុំ,70507,ស្រែជាខាងត្បូង,Srae Chea Khang Tboung,63
570,ឃុំ,70508,ទទុង,Totung,63
571,ឃុំ,70509,អង្គ រមាស,Angk  Romeas,63
572,ឃុំ,70510,ល្អាង,L'ang,63
573,ឃុំ,70601,បឹងសាលាខាងជើង,Boeng Sala Khang Cheung,64
574,ឃុំ,70602,បឹងសាលាខាងត្បូង,Boeng Sala Khang Tboung,64
575,ឃុំ,70603,ដំណាក់កន្ទួតខាងជើង,Damnak Kantuot Khang Cheung,64
576,ឃុំ,70604,ដំណាក់កន្ទួតខាងត្បូង,Damnak Kantuot Khang Tboung,64
577,ឃុំ,70605,កំពង់ត្រាចខាងកើត,Kampong Trach Khang Kaeut,64
578,ឃុំ,70606,កំពង់ត្រាចខាងលិច,Kampong Trach Khang Lech,64
579,ឃុំ,70607,ប្រាសាទភ្នំខ្យង,Prasat Phnom Khyang,64
580,ឃុំ,70608,ភ្នំប្រាសាទ,Phnom Prasat,64
581,ឃុំ,70609,អង្គសុរភី,Ang Sophy,64
582,ឃុំ,70612,ព្រែកក្រឹស,Preaek Kroes,64
583,ឃុំ,70613,ឫស្សីស្រុកខាងកើត,Ruessei Srok Khang Kaeut,64
584,ឃុំ,70614,ឫស្សីស្រុកខាងលិច,Ruessei Srok Khang Lech,64
585,ឃុំ,70615,ស្វាយទងខាងជើង,Svay Tong Khang Cheung,64
586,ឃុំ,70616,ស្វាយទងខាងត្បូង,Svay Tong Khang Tboung,64
587,ឃុំ,70701,បឹងទូក,Boeng Tuk,65
588,ឃុំ,70702,ជុំគ្រៀល,Chum Kriel,65
589,ឃុំ,70703,កំពង់ក្រែង,Kampong Kraeng,65
590,ឃុំ,70704,កំពង់សំរោង,Kampong Samraong,65
591,ឃុំ,70705,កណ្ដោល,Kandaol,65
592,ឃុំ,70707,កោះតូច,Kaoh Touch,65
593,ឃុំ,70708,កូនសត្វ,Koun Satv,65
594,ឃុំ,70709,ម៉ាក់ប្រាង្គ,Makprang,65
595,ឃុំ,70711,ព្រែកត្នោត,Preaek Tnoat,65
596,ឃុំ,70712,ព្រៃឃ្មុំ,Prey Khmum,65
597,ឃុំ,70713,ព្រៃថ្នង,Prey Thnang,65
598,ឃុំ,70715,ស្ទឹងកែវ,Stueng Kaev,65
599,ឃុំ,70716,ថ្មី,Thmei,65
600,ឃុំ,70717,ត្រពាំងព្រីង,Trapeang Pring,65
601,ឃុំ,70718,ត្រពាំងសង្កែ,Trapeang Sangkae,65
602,ឃុំ,70719,ត្រពាំងធំ,Trapeang Thum,65
603,សង្កាត់,70801,កំពង់កណ្ដាល,Kampong Kandal,66
604,សង្កាត់,70802,ក្រាំងអំពិល,Krang Ampil,66
605,សង្កាត់,70803,កំពង់បាយ,Kampong Bay,66
606,សង្កាត់,70804,អណ្ដូងខ្មែរ,Andoung Khmer,66
607,សង្កាត់,70805,ត្រើយកោះ,Traeuy Kaoh,66
608,ឃុំ,80101,អំពៅព្រៃ,Ampov Prey,67
609,ឃុំ,80102,អន្លង់រមៀត,Anlong Romiet,67
610,ឃុំ,80103,បារគូ,Barku,67
611,ឃុំ,80104,បឹងខ្យាង,Boeng Khyang,67
612,ឃុំ,80105,ជើងកើប,Cheung Kaeub,67
613,ឃុំ,80106,ដើមឫស,Daeum Rues,67
614,ឃុំ,80107,កណ្ដោក,Kandaok,67
615,ឃុំ,80108,ថ្មី,Thmei,67
616,ឃុំ,80109,គោកត្រប់,Kouk Trab,67
617,ឃុំ,80113,ព្រះពុទ្ធ,Preah Putth,67
618,ឃុំ,80115,ព្រែករកា,Preaek Roka,67
619,ឃុំ,80116,ព្រែកស្លែង,Preaek Slaeng,67
620,ឃុំ,80117,រកា,Roka,67
621,ឃុំ,80118,រលាំងកែន,Roleang Kaen,67
622,ឃុំ,80122,សៀមរាប,Siem Reab,67
623,ឃុំ,80125,ត្បែង,Tbaeng,67
624,ឃុំ,80127,ត្រពាំងវែង,Trapeang Veaeng,67
625,ឃុំ,80128,ទ្រា,Trea,67
626,ឃុំ,80201,បន្ទាយដែក,Banteay Daek,68
627,ឃុំ,80202,ឈើទាល,Chheu Teal,68
628,ឃុំ,80203,ដីឥដ្ឋ,Dei Edth,68
629,ឃុំ,80204,កំពង់ស្វាយ,Kampong Svay,68
630,ឃុំ,80206,គគីរ,Kokir,68
631,ឃុំ,80207,គគីរធំ,Kokir Thum,68
632,ឃុំ,80208,ភូមិធំ,Phum Thum,68
633,ឃុំ,80211,សំរោងធំ,Samraong Thum,68
634,ឃុំ,80301,បាក់ដាវ,Bak Dav,69
635,ឃុំ,80302,ជ័យធំ,Chey Thum,69
636,ឃុំ,80303,កំពង់ចំលង,Kampong Chamlang,69
637,ឃុំ,80304,កោះចូរ៉ាម,Kaoh Chouram,69
638,ឃុំ,80305,កោះឧកញ៉ាតី,Kaoh Oknha Tei,69
639,ឃុំ,80306,ព្រះប្រសប់,Preah Prasab,69
640,ឃុំ,80307,ព្រែកអំពិល,Preaek Ampil,69
641,ឃុំ,80308,ព្រែកលួង,Preaek Luong,69
642,ឃុំ,80309,ព្រែកតាកូវ,Preaek Ta kov,69
643,ឃុំ,80310,ព្រែកតាមាក់,Preaek Ta Meak,69
644,ឃុំ,80311,ពុកឫស្សី,Puk Ruessei,69
645,ឃុំ,80312,រកាជន្លឹង,Roka Chonlueng,69
646,ឃុំ,80313,សន្លុង,Sanlung,69
647,ឃុំ,80314,ស៊ីធរ,Sithor,69
648,ឃុំ,80315,ស្វាយជ្រំ,Svay Chrum,69
649,ឃុំ,80316,ស្វាយរមៀត,Svay Romiet,69
650,ឃុំ,80317,តាឯក,Ta Aek,69
651,ឃុំ,80318,វិហារសួគ៌,Vihear Suork,69
652,ឃុំ,80401,ឈើខ្មៅ,Chheu Kmau,70
653,ឃុំ,80402,ជ្រោយតាកែវ,Chrouy Ta Kaev,70
654,ឃុំ,80403,កំពង់កុង,Kampong Kong,70
655,ឃុំ,80404,កោះធំ ‹ក›,Kaoh Thum Ka,70
656,ឃុំ,80405,កោះធំ ‹ខ›,Kaoh Thum Kha,70
657,ឃុំ,80407,លើកដែក,Leuk Daek,70
658,ឃុំ,80408,ពោធិ៍បាន,Pouthi Ban,70
659,ឃុំ,80409,ព្រែកជ្រៃ,Prea​ek Chrey,70
660,ឃុំ,80410,ព្រែកស្ដី,Preaek Sdei,70
661,ឃុំ,80411,ព្រែកថ្មី,Preaek Thmei,70
662,ឃុំ,80412,សំពៅពូន,Sampeou Poun,70
663,ឃុំ,80501,កំពង់ភ្នំ,Kampong Phnum,71
664,ឃុំ,80502,ក្អមសំណរ,K'am Samnar,71
665,ឃុំ,80503,ខ្ពបអាទាវ,Khpob Ateav,71
666,ឃុំ,80504,ពាមរាំង,Peam Reang,71
667,ឃុំ,80505,ព្រែកដាច់,Preaek Dach,71
668,ឃុំ,80506,ព្រែកទន្លាប់,Preaek Tonloab,71
669,ឃុំ,80507,សណ្ដារ,Sandar,71
670,ឃុំ,80601,អរិយក្សត្រ,Akreiy Ksatr,72
671,ឃុំ,80602,បារុង,Barong,72
672,ឃុំ,80603,បឹងគ្រំ,Boeng Krum,72
673,ឃុំ,80604,កោះកែវ,Kaoh Kaev,72
674,ឃុំ,80605,កោះរះ,Kaoh Reah,72
675,ឃុំ,80606,ល្វាសរ,Lvea Sar,72
676,ឃុំ,80607,ពាមឧកញ៉ាអុង,Peam Oknha Ong,72
677,ឃុំ,80608,ភូមិធំ,Phum Thum,72
678,ឃុំ,80609,ព្រែកក្មេង,Preaek Kmeng,72
679,ឃុំ,80610,ព្រែករៃ,Preaek Rey,72
680,ឃុំ,80611,ព្រែកឫស្សី,Preaek Ruessei,72
681,ឃុំ,80612,សំបួរ,Sambuor,72
682,ឃុំ,80613,សារិកាកែវ,Sarikakaev,72
683,ឃុំ,80614,ថ្មគរ,Thma Kor,72
684,ឃុំ,80615,ទឹកឃ្លាំង,Tuek Khleang,72
685,ឃុំ,80703,ព្រែកអញ្ចាញ,Preaek Anhchanh,73
686,ឃុំ,80704,ព្រែកដំបង,Preaek Dambang,73
687,ឃុំ,80707,រកាកោង ទី ១,Roka Kong Ti Muoy,73
688,ឃុំ,80708,រកាកោង ទី ២,Roka Kong Ti Pir,73
689,ឃុំ,80709,ឫស្សីជ្រោយ,Ruessei Chrouy,73
690,ឃុំ,80710,សំបួរមាស,Sambuor Meas,73
691,ឃុំ,80711,ស្វាយអំពារ,Svay Ampear,73
692,ឃុំ,80801,បែកចាន,Baek Chan,74
693,ឃុំ,80803,ឆក់ឈើនាង,Chhak Chheu Neang,74
694,ឃុំ,80804,ដំណាក់អំពិល,Damnak Ampil,74
695,ឃុំ,80807,ក្រាំងម្កាក់,Krang Mkak,74
696,ឃុំ,80808,លំហាច,Lumhach,74
697,ឃុំ,80809,ម្កាក់,Mkak,74
698,ឃុំ,80811,ពើក,Peuk,74
699,ឃុំ,80813,ព្រៃពួច,Prey Puoch,74
700,ឃុំ,80814,សំរោងលើ,Samraong Leu,74
701,ឃុំ,80816,ទួលព្រេជ,Tuol Prech,74
702,ឃុំ,80901,ឈ្វាំង,Chhveang,75
703,ឃុំ,80902,ជ្រៃលាស់,Chrey Loas,75
704,ឃុំ,80903,កំពង់ហ្លួង,Kampong Luong,75
705,ឃុំ,80904,កំពង់អុស,Kampong Os,75
706,ឃុំ,80905,កោះចិន,Kaoh Chen,75
707,ឃុំ,80906,ភ្នំបាត,Phnum Bat,75
708,ឃុំ,80907,ពញាឮ,Ponhea Lueu,75
709,ឃុំ,80910,ព្រែកតាទែន,Preaek Ta Teaen,75
710,ឃុំ,80911,ផ្សារដែក,Phsar Daek,75
711,ឃុំ,80913,ទំនប់ធំ,Tumnob Thum,75
712,ឃុំ,80914,វិហារហ្លួង,Vihear Luong,75
713,ឃុំ,81001,ខ្ពប,Khpob,76
714,ឃុំ,81003,កោះខែល,Kaoh Khael,76
715,ឃុំ,81004,កោះខ្សាច់ទន្លា,Kaoh Khsach Tonlea,76
716,ឃុំ,81005,ក្រាំងយ៉ូវ,Krang Yov,76
717,ឃុំ,81006,ប្រាសាទ,Prasat,76
718,ឃុំ,81007,ព្រែកអំបិល,Preaek Ambel,76
719,ឃុំ,81008,ព្រែកគយ,Preaek Koy,76
720,ឃុំ,81010,ស្អាងភ្នំ,S'ang Phnum,76
721,ឃុំ,81012,ស្វាយប្រទាល,Svay Prateal,76
722,ឃុំ,81014,តាលន់,Ta Lon,76
723,ឃុំ,81015,ត្រើយស្លា,Traeuy Sla,76
724,ឃុំ,81016,ទឹកវិល,Tuek Vil,76
725,សង្កាត់,81101,តាក្ដុល,Ta Kdol,77
726,សង្កាត់,81102,ព្រែកឫស្សី,Prek Ruessey,77
727,សង្កាត់,81103,ដើមមៀន,Doeum Mien,77
728,សង្កាត់,81104,តាខ្មៅ,Ta Khmao,77
729,សង្កាត់,81105,ព្រែកហូរ,Prek Ho,77
730,សង្កាត់,81106,កំពង់សំណាញ់,Kampong Samnanh,77
731,សង្កាត់,81107,ស្វាយរលំ,Svay Rolum,77
732,សង្កាត់,81108,កោះអន្លង់ចិន,Kaoh Anlong Chen,77
733,សង្កាត់,81109,សិត្បូ,Setbou,77
734,សង្កាត់,81110,រកាខ្ពស់,Roka Khpos,77
735,ឃុំ,90101,អណ្ដូងទឹក,Andoung Tuek,78
736,ឃុំ,90102,កណ្ដោល,Kandaol,78
737,ឃុំ,90103,តានូន,Ta Noun,78
738,ឃុំ,90104,ថ្មស,Thma Sa,78
739,ឃុំ,90201,កោះស្ដេច,Kaoh Sdach,79
740,ឃុំ,90202,ភ្ញីមាស,Phnhi Meas,79
741,ឃុំ,90203,ព្រែកខ្សាច់,Preaek Khsach,79
742,ឃុំ,90301,ជ្រោយប្រស់,Chrouy Pras,80
743,ឃុំ,90302,កោះកាពិ,Kaoh Kapi,80
744,ឃុំ,90303,តាតៃក្រោម,Ta Tai Kraom,80
745,ឃុំ,90304,ត្រពាំងរូង,Trapeang Rung,80
746,សង្កាត់,90401,ស្មាច់មានជ័យ,Smach Mean Chey,81
747,សង្កាត់,90402,ដងទង់,Dang Tong,81
748,សង្កាត់,90403,ស្ទឹងវែង,Stueng Veaeng,81
749,ឃុំ,90501,ប៉ាក់ខ្លង,Pak Khlang,82
750,ឃុំ,90502,ពាមក្រសោប,Peam Krasaob,82
751,ឃុំ,90503,ទួលគគីរ,Tuol Kokir,82
752,ឃុំ,90601,បឹងព្រាវ,Boeng Preav,83
753,ឃុំ,90602,ជី ខ ក្រោម,Chi Kha Kraom,83
754,ឃុំ,90603,ជី ខ លើ,Chi kha Leu,83
755,ឃុំ,90604,ជ្រោយស្វាយ,Chrouy Svay,83
756,ឃុំ,90605,ដងពែង,Dang Peaeng,83
757,ឃុំ,90606,ស្រែអំបិល,Srae Ambel,83
758,ឃុំ,90701,តាទៃលើ,Ta Tey Leu,84
759,ឃុំ,90702,ប្រឡាយ,Pralay,84
760,ឃុំ,90703,ជំនាប់,Chumnoab,84
761,ឃុំ,90704,ឫស្សីជ្រុំ,Ruessei Chrum,84
762,ឃុំ,90705,ជីផាត,Chi Phat,84
763,ឃុំ,90706,ថ្មដូនពៅ,Thma Doun Pov,84
764,ឃុំ,100101,ឆ្លូង,Chhloung,85
765,ឃុំ,100102,ដំរីផុង,Damrei Phong,85
766,ឃុំ,100103,ហាន់ជ័យ,Han Chey,85
767,ឃុំ,100104,កំពង់ដំរី,Kampong Damrei,85
768,ឃុំ,100105,កញ្ជរ,Kanhchor,85
769,ឃុំ,100106,ខ្សាច់អណ្ដែត,Khsach Andeth,85
770,ឃុំ,100107,ពង្រ,Pongro,85
771,ឃុំ,100108,ព្រែកសាម៉ាន់,Preaek Saman,85
772,សង្កាត់,100207,កោះទ្រង់,Kaoh Trong,86
773,សង្កាត់,100208,ក្រគរ,Krakor,86
774,សង្កាត់,100209,ក្រចេះ,Kracheh,86
775,សង្កាត់,100210,អូរឫស្សី,Ou Ruessei,86
776,សង្កាត់,100211,រកាកណ្ដាល,Roka Kandal,86
777,ឃុំ,100301,ចំបក់,Chambâk,87
778,ឃុំ,100302,ជ្រោយបន្ទាយ,Chrouy Banteay,87
779,ឃុំ,100303,កំពង់គរ,Kampong Kor,87
780,ឃុំ,100304,កោះតាស៊ុយ,Koh Ta Suy,87
781,ឃុំ,100305,ព្រែកប្រសព្វ,Preaek Prasab,87
782,ឃុំ,100306,ឫស្សីកែវ,Russey Keo,87
783,ឃុំ,100307,សោប,Saob,87
784,ឃុំ,100308,តាម៉ៅ,Ta Mao,87
785,ឃុំ,100401,បឹងចារ,Boeng Char,88
786,ឃុំ,100402,កំពង់ចាម,Kampong Cham,88
787,ឃុំ,100403,ក្បាលដំរី,Kbal Damrei,88
788,ឃុំ,100404,កោះខ្ញែរ,Kaoh Khnhaer,88
789,ឃុំ,100405,អូរគ្រៀង,Ou Krieng,88
790,ឃុំ,100406,រលួសមានជ័យ,Roluos Mean Chey,88
791,ឃុំ,100407,សំបូរ,Sambour,88
792,ឃុំ,100408,សណ្ដាន់,Sandan,88
793,ឃុំ,100409,ស្រែជិះ,Srae Chis,88
794,ឃុំ,100410,វឌ្ឍនៈ,Voadthonak,88
795,ឃុំ,100501,ឃ្សឹម,Khsuem,89
796,ឃុំ,100502,ពីរធ្នូ,Pir Thnu,89
797,ឃុំ,100503,ស្នួល,Snuol,89
798,ឃុំ,100504,ស្រែចារ,Srae Char,89
799,ឃុំ,100505,ស្វាយជ្រះ,Svay Chreah,89
800,ឃុំ,100506,គ្រញូងសែនជ័យ,Kronhoung Saen Chey,89
801,ឃុំ,100601,បុសលាវ,Bos Leav,90
802,ឃុំ,100602,ចង្ក្រង់,Changkrang,90
803,ឃុំ,100603,ដារ,Dar,90
804,ឃុំ,100604,កន្ទួត,Kantuot,90
805,ឃុំ,100605,គោលាប់,Kou Loab,90
806,ឃុំ,100606,កោះច្រែង,Kaoh Chraeng,90
807,ឃុំ,100607,សំបុក,Sambok,90
808,ឃុំ,100608,ថ្មអណ្ដើក,Thma Andaeuk,90
809,ឃុំ,100609,ថ្មគ្រែ,Thma Kreae,90
810,ឃុំ,100610,ថ្មី,Thmei,90
811,ឃុំ,110101,ចុងផ្លាស់,Chong Phlah,91
812,ឃុំ,110102,មេម៉ង់,Memang,91
813,ឃុំ,110103,ស្រែឈូក,Srae Chhuk,91
814,ឃុំ,110104,ស្រែខ្ទុម,Srae Khtum,91
815,ឃុំ,110105,ស្រែព្រះ,Srae Preah,91
816,ឃុំ,110201,ណងឃីលិក,Nang Khi Lik,92
817,ឃុំ,110202,អ បួនលើ,A Buon Leu,92
818,ឃុំ,110203,រយ៉,Roya,92
819,ឃុំ,110204,សុខសាន្ដ,Sokh Sant,92
820,ឃុំ,110205,ស្រែហ៊ុយ,Srae Huy,92
821,ឃុំ,110206,ស្រែសង្គម,Srae Sangkum,92
822,ឃុំ,110301,ដាក់ដាំ,Dak Dam,93
823,ឃុំ,110302,សែនមនោរម្យ,Saen Monourom,93
824,ឃុំ,110401,ក្រង់តេះ,Krang Teh,94
825,ឃុំ,110402,ពូជ្រៃ,Pu Chrey,94
826,ឃុំ,110403,ស្រែអំពូម,Srae Ampum,94
827,ឃុំ,110404,ប៊ូស្រា,Bu Sra,94
828,សង្កាត់,110501,មនោរម្យ,Monourom,95
829,សង្កាត់,110502,សុខដុម,Sokh Dom,95
830,សង្កាត់,110503,ស្ពានមានជ័យ,Spean Mean Chey,95
831,សង្កាត់,110504,រមនា,Romonea,95
832,សង្កាត់,120101,ទន្លេបាសាក់,Tonle Basak,96
833,សង្កាត់,120109,ទួលទំពូងទី ២,Tuol Tumpung Ti Pir,96
834,សង្កាត់,120110,ទួលទំពូងទី ១,Tuol Tumpung Ti Muoy,96
835,សង្កាត់,120111,បឹងត្របែក,Boeng Trabaek,96
836,សង្កាត់,120112,ផ្សារដើមថ្កូវ,Phsar Daeum Thkov,96
837,សង្កាត់,120201,ផ្សារថ្មីទី ១,Phsar Thmei Ti Muoy,97
838,សង្កាត់,120202,ផ្សារថ្មីទី ២,Phsar Thmei Ti Pir,97
839,សង្កាត់,120203,ផ្សារថ្មីទី ៣,Phsar Thmei Ti Bei,97
840,សង្កាត់,120204,បឹងរាំង,Boeng Reang,97
841,សង្កាត់,120205,ផ្សារកណ្ដាលទី១,Phsar Kandal Ti Muoy,97
842,សង្កាត់,120206,ផ្សារកណ្ដាលទី២,Phsar Kandal Ti Pir,97
843,សង្កាត់,120207,ចតុមុខ,Chakto Mukh,97
844,សង្កាត់,120208,ជ័យជំនះ,Chey Chummeah,97
845,សង្កាត់,120209,ផ្សារចាស់,Phsar Chas,97
846,សង្កាត់,120210,ស្រះចក,Srah Chak,97
847,សង្កាត់,120211,វត្ដភ្នំ,Voat Phnum,97
848,សង្កាត់,120301,អូរឫស្សីទី ១,Ou Ruessei Ti Muoy,98
849,សង្កាត់,120302,អូរឫស្សីទី ២,Ou Ruessei Ti Pir,98
850,សង្កាត់,120303,អូរឫស្សីទី ៣,Ou Ruessei Ti Bei,98
851,សង្កាត់,120304,អូរឫស្សីទី ៤,Ou Ruessei Ti Buon,98
852,សង្កាត់,120305,មនោរម្យ,Monourom,98
853,សង្កាត់,120306,មិត្ដភាព,Mittapheap,98
854,សង្កាត់,120307,វាលវង់,Veal Vong,98
855,សង្កាត់,120308,បឹងព្រលឹត,Boeng Proluet,98
856,សង្កាត់,120401,ផ្សារដេប៉ូទី ១,Phsar Depou Ti Muoy,99
857,សង្កាត់,120402,ផ្សារដេប៉ូទី ២,Phsar Depou Ti Pir,99
858,សង្កាត់,120403,ផ្សារដេប៉ូទី ៣,Phsar Depou Ti Bei,99
859,សង្កាត់,120404,ទឹកល្អក់ទី ១,Tuek L'ak Ti Muoy,99
860,សង្កាត់,120405,ទឹកល្អក់ទី ២,Tuek L'ak Ti Pir,99
861,សង្កាត់,120406,ទឹកល្អក់ទី ៣,Tuek L'ak Ti Bei,99
862,សង្កាត់,120407,បឹងកក់ទី ១,Boeng Kak Ti Muoy,99
863,សង្កាត់,120408,បឹងកក់ទី ២,Boeng Kak Ti Pir,99
864,សង្កាត់,120409,ផ្សារដើមគរ,Phsar Daeum Kor,99
865,សង្កាត់,120410,បឹងសាឡាង,Boeng Salang,99
866,សង្កាត់,120501,ដង្កោ,Dangkao,100
867,សង្កាត់,120507,ពងទឹក,Pong Tuek,100
868,សង្កាត់,120508,ព្រៃវែង,Prey Veaeng,100
869,សង្កាត់,120510,ព្រៃស,Prey Sa,100
870,សង្កាត់,120512,ក្រាំងពង្រ,Krang Pongro,100
871,សង្កាត់,120514,សាក់សំពៅ,Sak Sampov,100
872,សង្កាត់,120515,ជើងឯក,Cheung Aek,100
873,សង្កាត់,120516,គងនយ,Kong Noy,100
874,សង្កាត់,120517,ព្រែកកំពឹស,Preaek Kampues,100
875,សង្កាត់,120518,រលួស,Roluos,100
876,សង្កាត់,120519,ស្ពានថ្ម,Spean Thma,100
877,សង្កាត់,120520,ទៀន,Tien,100
878,សង្កាត់,120606,ចាក់អង្រែលើ,Chak Angrae Leu,101
879,សង្កាត់,120607,ចាក់អង្រែក្រោម,Chak Angrae Kraom,101
880,សង្កាត់,120608,ស្ទឹងមានជ័យទី១,Stueng Mean chey 1,101
881,សង្កាត់,120609,ស្ទឹងមានជ័យទី២,Stueng Mean chey 2,101
882,សង្កាត់,120610,ស្ទឹងមានជ័យទី៣,Stueng Mean chey 3,101
883,សង្កាត់,120611,បឹងទំពុនទី១,Boeng Tumpun 1,101
884,សង្កាត់,120612,បឹងទំពុនទី២,Boeng Tumpun 2,101
885,សង្កាត់,120703,ស្វាយប៉ាក,Svay Pak,102
886,សង្កាត់,120704,គីឡូម៉ែត្រលេខ៦,Kilomaetr Lekh Prammuoy,102
887,សង្កាត់,120706,ឫស្សីកែវ,Ruessei Kaev,102
888,សង្កាត់,120711,ច្រាំងចំរេះទី ១,Chrang Chamreh Ti Muoy,102
889,សង្កាត់,120712,ច្រាំងចំរេះទី ២,Chrang Chamreh Ti Pir,102
890,សង្កាត់,120713,ទួលសង្កែទី១,Tuol Sangkae 1,102
891,សង្កាត់,120714,ទួលសង្កែទី២,Tuol Sangkae 2,102
892,សង្កាត់,120801,ភ្នំពេញថ្មី,Phnom Penh Thmei,103
893,សង្កាត់,120802,ទឹកថ្លា,Tuek Thla,103
894,សង្កាត់,120803,ឃ្មួញ,Khmuonh,103
895,សង្កាត់,120807,ក្រាំងធ្នង់,Krang Thnong,103
896,សង្កាត់,120808,អូរបែកក្អម,Ou Baek K'am,103
897,សង្កាត់,120809,គោកឃ្លាង,Kouk Khleang,103
898,សង្កាត់,120901,ត្រពាំងក្រសាំង,Trapeang Krasang,104
899,សង្កាត់,120906,សំរោងក្រោម,Samraong Kraom,104
900,សង្កាត់,120914,ចោមចៅទី១,Chaom Chau 1,104
901,សង្កាត់,120915,ចោមចៅទី២,Chaom Chau 2,104
902,សង្កាត់,120916,ចោមចៅទី៣,Chaom Chau 3,104
903,សង្កាត់,120917,កាកាបទី១,Kakab 1,104
904,សង្កាត់,120918,កាកាបទី២,Kakab 2,104
905,សង្កាត់,121001,ជ្រោយចង្វារ,Chrouy Changvar,105
906,សង្កាត់,121002,ព្រែកលៀប,Preaek Lieb,105
907,សង្កាត់,121003,ព្រែកតាសេក,Preaek Ta Sek,105
908,សង្កាត់,121004,កោះដាច់,Kaoh Dach,105
909,សង្កាត់,121005,បាក់ខែង,Bak Kaeng,105
910,សង្កាត់,121101,ព្រែកព្នៅ,Preaek Phnov,106
911,សង្កាត់,121102,ពញាពន់,Ponhea Pon,106
912,សង្កាត់,121103,សំរោង,Samraong,106
913,សង្កាត់,121104,គោករកា,Kouk Roka,106
914,សង្កាត់,121105,ពន្សាំង,Ponsang,106
915,សង្កាត់,121201,ច្បារអំពៅទី ១,Chhbar Ampov Ti Muoy,107
916,សង្កាត់,121202,ច្បារអំពៅទី ២,Chbar Ampov Ti Pir,107
917,សង្កាត់,121203,និរោធ,Nirouth,107
918,សង្កាត់,121204,ព្រែកប្រា,Preaek Pra,107
919,សង្កាត់,121205,វាលស្បូវ,Veal Sbov,107
920,សង្កាត់,121206,ព្រែកឯង,Preaek Aeng,107
921,សង្កាត់,121207,ក្បាលកោះ,Kbal Kaoh,107
922,សង្កាត់,121208,ព្រែកថ្មី,Preaek Thmei,107
923,សង្កាត់,121301,បឹងកេងកងទី ១,Boeng Keng Kang Ti Muoy,108
924,សង្កាត់,121302,បឹងកេងកងទី ២,Boeng Keng Kang Ti Pir,108
925,សង្កាត់,121303,បឹងកេងកងទី ៣,Boeng Keng Kang Ti Bei,108
926,សង្កាត់,121304,អូឡាំពិក,Olympic,108
927,សង្កាត់,121305,ទំនប់ទឹក,Tumnob Tuek,108
928,សង្កាត់,121306,ទួលស្វាយព្រៃទី ១,Tuol Svay Prey Ti Muoy,108
929,សង្កាត់,121307,ទួលស្វាយព្រៃទី ២,Tuol Svay Prey Ti Pir,108
930,សង្កាត់,121401,កំបូល,Kamboul,109
931,សង្កាត់,121402,កន្ទោក,Kantaok,109
932,សង្កាត់,121403,ឪឡោក,Ovlaok,109
933,សង្កាត់,121404,ស្នោរ,Snaor,109
934,សង្កាត់,121405,ភ្លើងឆេះរទេះ,Phleung Chheh Roteh,109
935,សង្កាត់,121406,បឹងធំ,Boeng Thum,109
936,សង្កាត់,121407,ប្រទះឡាង,Prateah Lang,109
937,ឃុំ,130101,ស្អាង,S'ang,110
938,ឃុំ,130102,តស៊ូ,Tasu,110
939,ឃុំ,130103,ខ្យង,Khyang,110
940,ឃុំ,130104,ច្រាច់,Chrach,110
941,ឃុំ,130105,ធ្មា,Thmea,110
942,ឃុំ,130106,ពុទ្រា,Putrea,110
943,ឃុំ,130201,ឆែបមួយ,Chhaeb Muoy,111
944,ឃុំ,130202,ឆែបពីរ,Chhaeb Pir,111
945,ឃុំ,130203,សង្កែមួយ,Sangkae Muoy,111
946,ឃុំ,130204,សង្កែពីរ,Sangkae Pir,111
947,ឃុំ,130205,ម្លូព្រៃមួយ,Mlu Prey Muoy,111
948,ឃុំ,130206,ម្លូព្រៃពីរ,Mlu Prey Pir,111
949,ឃុំ,130207,កំពង់ស្រឡៅមួយ,Kampong Sralau Muoy,111
950,ឃុំ,130208,កំពង់ស្រឡៅពីរ,Kampong Sralau Pir,111
951,ឃុំ,130301,ជាំក្សាន្ដ,Choam Ksant,112
952,ឃុំ,130302,ទឹកក្រហម,Tuek Kraham,112
953,ឃុំ,130303,ព្រីងធំ,Pring Thum,112
954,ឃុំ,130304,រំដោះស្រែ,Rumdaoh Srae,112
955,ឃុំ,130305,យាង,Yeang,112
956,ឃុំ,130306,កន្ទួត,Kantuot,112
957,ឃុំ,130307,ស្រអែម,Sror Aem,112
958,ឃុំ,130308,មរកត,Morokot,112
959,ឃុំ,130401,គូលែនត្បូង,Kuleaen Tboung,113
960,ឃុំ,130402,គូលែនជើង,Kuleaen Cheung,113
961,ឃុំ,130403,ថ្មី,Thmei,113
962,ឃុំ,130404,ភ្នំពេញ,Phnum Penh,113
963,ឃុំ,130405,ភ្នំត្បែងពីរ,Phnum Tbaeng Pir,113
964,ឃុំ,130406,ស្រយង់,Srayang,113
965,ឃុំ,130501,របៀប,Robieb,114
966,ឃុំ,130502,រស្មី,Reaksmei,114
967,ឃុំ,130503,រហ័ស,Rohas,114
968,ឃុំ,130504,រុងរឿង,Rung Roeang,114
969,ឃុំ,130505,រីករាយ,Rik Reay,114
970,ឃុំ,130506,រួសរាន់,Ruos Roan,114
971,ឃុំ,130507,រតនៈ,Rotanak,114
972,ឃុំ,130508,រៀបរយ,Rieb Roy,114
973,ឃុំ,130509,រក្សា,Reaksa,114
974,ឃុំ,130510,រំដោះ,Rumdaoh,114
975,ឃុំ,130511,រមទម,Romtum,114
976,ឃុំ,130512,រមណីយ,Romoneiy,114
977,ឃុំ,130601,ចំរើន,Chamraeun,115
978,ឃុំ,130602,រអាង,Ro'ang,115
979,ឃុំ,130603,ភ្នំត្បែងមួយ,Phnum Tbaeng Muoy,115
980,ឃុំ,130604,ស្ដៅ,Sdau,115
981,ឃុំ,130605,រណសិរ្ស,Ronak Ser,115
982,ឃុំ,130703,ឈានមុខ,Chhean Mukh,116
983,ឃុំ,130704,ពោធិ៍,Pou,116
984,ឃុំ,130705,ប្រមេរុ,Prame,116
985,ឃុំ,130706,ព្រះឃ្លាំង,Preah Khleang,116
986,សង្កាត់,130801,កំពង់ប្រណាក,Kampong Pranak,117
987,សង្កាត់,130802,ប៉ាលហាល,Pal Hal,117
988,ឃុំ,140101,បឹងព្រះ,Boeng Preah,118
989,ឃុំ,140102,ជើងភ្នំ,Cheung Phnum,118
990,ឃុំ,140103,ឈើកាច់,Chheu Kach,118
991,ឃុំ,140104,រក្សជ័យ,Reaks Chey,118
992,ឃុំ,140105,រោងដំរី,Roung Damrei,118
993,ឃុំ,140106,ស្ដៅកោង,Sdau Kaong,118
994,ឃុំ,140107,ស្ពឺ  ក,Spueu Ka,118
995,ឃុំ,140108,ស្ពឺ  ខ,Spueu Kha,118
996,ឃុំ,140109,ធាយ,Theay,118
997,ឃុំ,140201,ជាច,Cheach,119
998,ឃុំ,140202,ដូនកឹង,Doun Koeng,119
999,ឃុំ,140203,ក្រញូង,Kranhung,119
1000,ឃុំ,140204,ក្របៅ,Krabau,119
1001,ឃុំ,140205,ស៊ាងឃ្វាង,Seang Khveang,119
1002,ឃុំ,140206,ស្មោងខាងជើង,Smaong Khang Cheung,119
1003,ឃុំ,140207,ស្មោងខាងត្បូង,Smaong Khang Tboung,119
1004,ឃុំ,140208,ត្របែក,Trabaek,119
1005,ឃុំ,140301,អន្សោង,Ansaong,120
1006,ឃុំ,140302,ចាម,Cham,120
1007,ឃុំ,140303,ជាងដែក,Cheang Daek,120
1008,ឃុំ,140304,ជ្រៃ,Chrey,120
1009,ឃុំ,140305,កន្សោមអក,Kansoam Ak,120
1010,ឃុំ,140306,គោខ្ចក,Kou Khchak,120
1011,ឃុំ,140307,កំពង់ត្របែក,Kampong Trabaek,120
1012,ឃុំ,140308,ពាមមន្ទារ,Peam Montear,120
1013,ឃុំ,140309,ប្រាសាទ,Prasat,120
1014,ឃុំ,140310,ប្រធាតុ,Pratheat,120
1015,ឃុំ,140311,ព្រៃឈរ,Prey Chhor,120
1016,ឃុំ,140312,ព្រៃពោន,Prey Poun,120
1017,ឃុំ,140313,ថ្កូវ,Thkov,120
1018,ឃុំ,140401,ចុងអំពិល,Chong Ampil,121
1019,ឃុំ,140402,កញ្ជ្រៀច,Kanhchriech,121
1020,ឃុំ,140403,ក្ដឿងរាយ,Kdoeang Reay,121
1021,ឃុំ,140404,គោកគង់កើត,Kouk Kong Kaeut,121
1022,ឃុំ,140405,គោកគង់លិច,Kouk Kong Lech,121
1023,ឃុំ,140406,ព្រាល,Preal,121
1024,ឃុំ,140407,ថ្មពូន,Thma Pun,121
1025,ឃុំ,140408,ត្នោត,Tnaot,121
1026,ឃុំ,140501,អង្គរសរ,Angkor Sar,122
1027,ឃុំ,140502,ច្រេស,Chres,122
1028,ឃុំ,140503,ជីផុច,Chi Phoch,122
1029,ឃុំ,140504,ព្រៃឃ្នេស,Prey Khnes,122
1030,ឃុំ,140505,ព្រៃរំដេង,Prey Rumdeng,122
1031,ឃុំ,140506,ព្រៃទទឹង,Prey Totueng,122
1032,ឃុំ,140507,ស្វាយជ្រុំ,Svay Chrum,122
1033,ឃុំ,140508,ត្រពាំងស្រែ,Trapeang Srae,122
1034,ឃុំ,140601,អង្គរអង្គ,Angkor Angk,123
1035,ឃុំ,140602,កំពង់ប្រាសាទ,Kampong Prasat,123
1036,ឃុំ,140603,កោះចេក,Kaoh Chek,123
1037,ឃុំ,140604,កោះរកា,Kaoh Roka,123
1038,ឃុំ,140605,កោះសំពៅ,Kaoh Sampov,123
1039,ឃុំ,140606,ក្រាំងតាយ៉ង,Krang Ta Yang,123
1040,ឃុំ,140607,ព្រែកក្របៅ,Preaek Krabau,123
1041,ឃុំ,140608,ព្រែកសំបួរ,Preaek Sambuor,123
1042,ឃុំ,140609,ឫស្សីស្រុក,Ruessei Srok,123
1043,ឃុំ,140610,ស្វាយភ្លោះ,Svay Phluoh,123
1044,ឃុំ,140701,បាបោង,Ba Baong,124
1045,ឃុំ,140702,បន្លិចប្រាសាទ,Banlich Prasat,124
1046,ឃុំ,140703,អ្នកលឿង,Neak Loeang,124
1047,ឃុំ,140704,ពាមមានជ័យ,Peam Mean Chey,124
1048,ឃុំ,140705,ពាមរក៍,Peam Ro,124
1049,ឃុំ,140706,ព្រែកខ្សាយ ក,Preaek Khsay Ka,124
1050,ឃុំ,140707,ព្រែកខ្សាយ ខ,Preaek Khsay Kha,124
1051,ឃុំ,140708,ព្រៃកណ្ដៀង,Prey Kandieng,124
1052,ឃុំ,140801,កំពង់ពពិល,Kampong Popil,125
1053,ឃុំ,140802,កញ្ចំ,Kanhcham,125
1054,ឃុំ,140803,កំពង់ប្រាំង,Kampong Prang,125
1055,ឃុំ,140805,មេសរប្រចាន់,Mesar Prachan,125
1056,ឃុំ,140807,ព្រៃព្នៅ,Prey Pnov,125
1057,ឃុំ,140808,ព្រៃស្នៀត,Prey Sniet,125
1058,ឃុំ,140809,ព្រៃស្រឡិត,Prey Sralet,125
1059,ឃុំ,140810,រាប,Reab,125
1060,ឃុំ,140811,រកា,Roka,125
1061,ឃុំ,140901,អង្គររាជ្យ,Angkor Reach,126
1062,ឃុំ,140902,បន្ទាយចក្រី,Banteay Chakrei,126
1063,ឃុំ,140903,បឹងដោល,Boeng Daol,126
1064,ឃុំ,140904,ជៃកំពក,Chey Kampok,126
1065,ឃុំ,140905,កំពង់សឹង,Kampong Soeng,126
1066,ឃុំ,140906,ក្រាំងស្វាយ,Krang Svay,126
1067,ឃុំ,140907,ល្វា,Lvea,126
1068,ឃុំ,140908,ព្រះស្ដេច,Preah Sdach,126
1069,ឃុំ,140909,រាធរ,Reathor,126
1070,ឃុំ,140910,រំចេក,Rumchek,126
1071,ឃុំ,140911,សេនារាជឧត្ដម,Sena Reach Otdam,126
1072,សង្កាត់,141001,បារាយណ៍,Baray,127
1073,សង្កាត់,141002,ជើងទឹក,Cheung Tuek,127
1074,សង្កាត់,141003,កំពង់លាវ,Kampong Leav,127
1075,សង្កាត់,141004,តាកោ,Ta Kao,127
1076,ឃុំ,141101,ពោធិ៍រៀង,Pou Rieng,128
1077,ឃុំ,141102,ព្រែកអន្ទះ,Preaek Anteah,128
1078,ឃុំ,141103,ព្រែកជ្រៃ,Preaek Chrey,128
1079,ឃុំ,141104,ព្រៃកន្លោង,Prey Kanlaong,128
1080,ឃុំ,141106,កំពង់ឫស្សី,Kampong Ruessei,128
1081,ឃុំ,141107,ព្រែកតាសរ,Preaek Ta Sar,128
1082,ឃុំ,141201,អំពិលក្រៅ,Ampil Krau,129
1083,ឃុំ,141202,ជ្រៃឃ្មុំ,Chrey Khmum,129
1084,ឃុំ,141203,ល្វេ,Lve,129
1085,ឃុំ,141204,ព្នៅទី ១,Pnov Ti Muoy,129
1086,ឃុំ,141205,ព្នៅទី ២,Pnov Ti Pir,129
1087,ឃុំ,141206,ពោធិ៍ទី,Pou Ti,129
1088,ឃុំ,141207,ព្រែកចង្ក្រាន,Preaek Changkran,129
1089,ឃុំ,141208,ព្រៃដើមថ្នឹង,Prey Daeum Thnoeng,129
1090,ឃុំ,141209,ព្រៃទឹង,Prey Tueng,129
1091,ឃុំ,141210,រំលេច,Rumlech,129
1092,ឃុំ,141211,ឫស្សីសាញ់,Ruessei Sanh,129
1093,ឃុំ,141301,អង្គរទ្រេត,Angkor Tret,130
1094,ឃុំ,141302,ជាខ្លាង,Chea Khlang,130
1095,ឃុំ,141303,ជ្រៃ,Chrey,130
1096,ឃុំ,141304,ដំរីពួន,Damrei Puon,130
1097,ឃុំ,141305,មេបុណ្យ,Me Bon,130
1098,ឃុំ,141306,ពានរោង,Pean Roung,130
1099,ឃុំ,141307,ពពឺស,Popueus,130
1100,ឃុំ,141308,ព្រៃខ្លា,Prey Khla,130
1101,ឃុំ,141309,សំរោង,Samraong,130
1102,ឃុំ,141310,ស្វាយអន្ទរ,Svay Antor,130
1103,ឃុំ,141311,ទឹកថ្លា,Tuek Thla,130
1104,ឃុំ,150101,បឹងបត់កណ្ដាល,Boeng Bat Kandaol,131
1105,ឃុំ,150102,បឹងខ្នារ,Boeng Khnar,131
1106,ឃុំ,150103,ខ្នារទទឹង,Khnar Totueng,131
1107,ឃុំ,150104,មេទឹក,Me Tuek,131
1108,ឃុំ,150105,អូរតាប៉ោង,Ou Ta Paong,131
1109,ឃុំ,150106,រំលេច,Rumlech,131
1110,ឃុំ,150107,ស្នាមព្រះ,Snam Preah,131
1111,ឃុំ,150108,ស្វាយដូនកែវ,Svay Doun Kaev,131
1112,ឃុំ,150110,ត្រពាំងជង,Trapeang chorng,131
1113,ឃុំ,150201,អន្លង់វិល,Anlong Vil,132
1114,ឃុំ,150203,កណ្ដៀង,Kandieng,132
1115,ឃុំ,150204,កញ្ជរ,Kanhchor,132
1116,ឃុំ,150205,រាំងទិល,Reang Til,132
1117,ឃុំ,150206,ស្រែស្ដុក,Srae Sdok,132
1118,ឃុំ,150207,ស្វាយលួង,Svay Luong,132
1119,ឃុំ,150208,ស្យា,Sya,132
1120,ឃុំ,150209,វាល,Veal,132
1121,ឃុំ,150210,កោះជុំ,Kaoh Chum,132
1122,ឃុំ,150301,អន្លង់ត្នោត,Anlong Tnaot,133
1123,ឃុំ,150302,អន្សាចំបក់,Ansa Chambak,133
1124,ឃុំ,150303,បឹងកន្ទួត,Boeng Kantuot,133
1125,ឃុំ,150304,ឈើតុំ,Chheu Tom,133
1126,ឃុំ,150305,កំពង់លួង,Kampong Luong,133
1127,ឃុំ,150306,កំពង់ពោធិ៍,Kampong Pou,133
1128,ឃុំ,150307,ក្បាលត្រាច,Kbal Trach,133
1129,ឃុំ,150308,អូរសណ្ដាន់,Ou Sandan,133
1130,ឃុំ,150309,ស្នាអន្សា,Sna Ansa,133
1131,ឃុំ,150310,ស្វាយស,Svay Sa,133
1132,ឃុំ,150311,ត្នោតជុំ,Tnaot Chum,133
1133,ឃុំ,150401,បាក់ចិញ្ចៀន,Bak Chenhchien,134
1134,ឃុំ,150402,លាច,Leach,134
1135,ឃុំ,150404,ព្រងិល,Prongil,134
1136,ឃុំ,150405,រកាត,Rokat,134
1137,ឃុំ,150406,សន្ទ្រែ,Santreae,134
1138,ឃុំ,150407,សំរោង,Samraong,134
1139,សង្កាត់,150501,ចំរើនផល,Chamraeun Phal,135
1140,សង្កាត់,150503,លលកស,Lolok Sa,135
1141,សង្កាត់,150504,ផ្ទះព្រៃ,Phteah Prey,135
1142,សង្កាត់,150505,ព្រៃញី,Prey Nhi,135
1143,សង្កាត់,150506,រលាប,Roleab,135
1144,សង្កាត់,150507,ស្វាយអាត់,Svay At,135
1145,សង្កាត់,150508,បន្ទាយដី,Banteay Dei,135
1146,ឃុំ,150601,អូរសោម,Ou Saom,136
1147,ឃុំ,150602,ក្រពើពីរ,Krapeu Pir,136
1148,ឃុំ,150603,អន្លង់រាប,Anlong Reab,136
1149,ឃុំ,150604,ប្រម៉ោយ,Pramaoy,136
1150,ឃុំ,150605,ថ្មដា,Thma Da,136
1151,ឃុំ,150701,តាលោ,Ta Lou,137
1152,ឃុំ,150702,ផ្ទះរុង,Phteah Rung,137
1153,ឃុំ,160101,ម៉ាលិក,Malik,138
1154,ឃុំ,160103,ញ៉ាង,Nhang,138
1155,ឃុំ,160104,តាឡាវ,Ta Lav,138
1156,សង្កាត់,160201,កាចាញ,Kachanh,139
1157,សង្កាត់,160202,ឡាបានសៀក,Labansiek,139
1158,សង្កាត់,160203,យក្ខឡោម,Yeak Laom,139
1159,សង្កាត់,160204,បឹងកន្សែង,Boeng Kansaeng,139
1160,ឃុំ,160301,កក់,Kak,140
1161,ឃុំ,160302,កិះចុង,Keh Chong,140
1162,ឃុំ,160303,ឡាមីញ,La Minh,140
1163,ឃុំ,160304,លុងឃុង,Lung Khung,140
1164,ឃុំ,160305,ស៊ើង,Saeung,140
1165,ឃុំ,160306,ទីងចាក់,Ting Chak,140
1166,ឃុំ,160401,សិរីមង្គល,Serei Mongkol,141
1167,ឃុំ,160402,ស្រែអង្គ្រង,Srae Angkrorng,141
1168,ឃុំ,160403,តាអង,Ta Ang,141
1169,ឃុំ,160404,តឺន,Teun,141
1170,ឃុំ,160405,ត្រពាំងច្រេស,Trapeang Chres,141
1171,ឃុំ,160406,ត្រពាំងក្រហម,Trapeang Kraham,141
1172,ឃុំ,160501,ជ័យឧត្ដម,Chey Otdam,142
1173,ឃុំ,160502,កាឡែង,Ka Laeng,142
1174,ឃុំ,160503,ល្បាំង១,Lbang Muoy,142
1175,ឃុំ,160504,ល្បាំង២,Lbang Pir,142
1176,ឃុំ,160505,បាតាង,Ba Tang,142
1177,ឃុំ,160506,សេដា,Seda,142
1178,ឃុំ,160601,ចាអ៊ុង,Cha Ung,143
1179,ឃុំ,160602,ប៉ូយ,Pouy,143
1180,ឃុំ,160603,ឯកភាព,Aekakpheap,143
1181,ឃុំ,160604,កាឡៃ,Kalai,143
1182,ឃុំ,160605,អូរជុំ,Ou Chum,143
1183,ឃុំ,160606,សាមគ្គី,Sameakki,143
1184,ឃុំ,160607,ល្អក់,L'ak,143
1185,ឃុំ,160701,បរខាំ,Bar Kham,144
1186,ឃុំ,160702,លំជ័រ,Lum Choar,144
1187,ឃុំ,160703,ប៉ក់ញ៉ៃ,Pak Nhai,144
1188,ឃុំ,160704,ប៉ាតេ,Pa Te,144
1189,ឃុំ,160705,សេសាន,Sesan,144
1190,ឃុំ,160706,សោមធំ,Saom Thum,144
1191,ឃុំ,160707,យ៉ាទុង,Ya Tung,144
1192,ឃុំ,160801,តាវែងលើ,Ta Veaeng Leu,145
1193,ឃុំ,160802,តាវែងក្រោម,Ta Veaeng Kraom,145
1194,ឃុំ,160901,ប៉ុង,Pong,146
1195,ឃុំ,160903,ហាត់ប៉ក់,Hat Pak,146
1196,ឃុំ,160904,កាចូន,Ka Choun,146
1197,ឃុំ,160905,កោះប៉ង់,Kaoh Pang,146
1198,ឃុំ,160906,កោះពាក្យ,Kaoh Peak,146
1199,ឃុំ,160907,កុកឡាក់,Kok Lak,146
1200,ឃុំ,160908,ប៉ាកាឡាន់,Pa Kalan,146
1201,ឃុំ,160909,ភ្នំកុក,Phnum Kok,146
1202,ឃុំ,160910,វើនសៃ,Veun Sai,146
1203,ឃុំ,170101,ចារឈូក,Char Chhuk,147
1204,ឃុំ,170102,ដូនពេង,Doun Peng,147
1205,ឃុំ,170103,គោកដូង,Kouk Doung,147
1206,ឃុំ,170104,គោល,Koul,147
1207,ឃុំ,170105,នគរភាស,Nokor Pheas,147
1208,ឃុំ,170106,ស្រែខ្វាវ,Srae Khvav,147
1209,ឃុំ,170107,តាសោម,Ta Saom,147
1210,ឃុំ,170201,ជប់តាត្រាវ,Chob Ta Trav,148
1211,ឃុំ,170202,លាងដៃ,Leang Dai,148
1212,ឃុំ,170203,ពាក់ស្នែង,Peak Snaeng,148
1213,ឃុំ,170204,ស្វាយចេក,Svay Chek,148
1214,ឃុំ,170301,ខ្នារសណ្ដាយ,Khnar Sanday,149
1215,ឃុំ,170302,ឃុនរាម,Khun Ream,149
1216,ឃុំ,170303,ព្រះដាក់,Preah Dak,149
1217,ឃុំ,170304,រំចេក,Rumchek,149
1218,ឃុំ,170305,រុនតាឯក,Run Ta Aek,149
1219,ឃុំ,170306,ត្បែង,Tbaeng,149
1220,ឃុំ,170401,អន្លង់សំណរ,Anlong Samnar,150
1221,ឃុំ,170402,ជីក្រែង,Chi Kraeng,150
1222,ឃុំ,170403,កំពង់ក្ដី,Kampong Kdei,150
1223,ឃុំ,170404,ខ្វាវ,Khvav,150
1224,ឃុំ,170405,គោកធ្លកក្រោម,Kouk Thlok Kraom,150
1225,ឃុំ,170406,គោកធ្លកលើ,Kouk Thlok Leu,150
1226,ឃុំ,170407,ល្វែងឫស្សី,Lveaeng Ruessei,150
1227,ឃុំ,170408,ពង្រក្រោម,Pongro Kraom,150
1228,ឃុំ,170409,ពង្រលើ,Pongro Leu,150
1229,ឃុំ,170410,ឫស្សីលក,Ruessei Lok,150
1230,ឃុំ,170411,សង្វើយ,Sangvaeuy,150
1231,ឃុំ,170412,ស្ពានត្នោត,Spean Tnaot,150
1232,ឃុំ,170601,ចន្លាសដៃ,Chanleas Dai,151
1233,ឃុំ,170602,កំពង់ថ្កូវ,Kampong Thkov,151
1234,ឃុំ,170603,ក្រឡាញ់,Kralanh,151
1235,ឃុំ,170604,ក្រូចគរ,Krouch Kor,151
1236,ឃុំ,170605,រោងគោ,Roung Kou,151
1237,ឃុំ,170606,សំបួរ,Sambuor,151
1238,ឃុំ,170607,សែនសុខ,Saen Sokh,151
1239,ឃុំ,170608,ស្នួល,Snuol,151
1240,ឃុំ,170609,ស្រណាល,Sranal,151
1241,ឃុំ,170610,តាអាន,Ta An,151
1242,ឃុំ,170701,សសរស្ដម្ភ,Sasar Sdam,152
1243,ឃុំ,170702,ដូនកែវ,Doun Kaev,152
1244,ឃុំ,170703,ក្ដីរុន,Kdei Run,152
1245,ឃុំ,170704,កែវពណ៌,Kaev Poar,152
1246,ឃុំ,170705,ខ្នាត,Khnat,152
1247,ឃុំ,170707,ល្វា,Lvea,152
1248,ឃុំ,170708,មុខប៉ែន,Mukh Paen,152
1249,ឃុំ,170709,ពោធិ៍ទ្រាយ,Pou Treay,152
1250,ឃុំ,170710,ពួក,Puok,152
1251,ឃុំ,170711,ព្រៃជ្រូក,Prey Chruk,152
1252,ឃុំ,170712,រើល,Reul,152
1253,ឃុំ,170713,សំរោងយា,Samraong Yea,152
1254,ឃុំ,170715,ត្រីញ័រ,Trei Nhoar,152
1255,ឃុំ,170716,យាង,Yeang,152
1256,ឃុំ,170902,បាគង,Bakong,153
1257,ឃុំ,170903,បល្ល័ង្ក,Ballangk,153
1258,ឃុំ,170904,កំពង់ភ្លុក,Kampong Phluk,153
1259,ឃុំ,170905,កន្ទ្រាំង,Kantreang,153
1260,ឃុំ,170906,កណ្ដែក,Kandaek,153
1261,ឃុំ,170907,មានជ័យ,Mean Chey,153
1262,ឃុំ,170908,រលួស,Roluos,153
1263,ឃុំ,170909,ត្រពាំងធំ,Trapeang Thum,153
1264,ឃុំ,170910,អំពិល,Ampil,153
1265,សង្កាត់,171001,ស្លក្រាម,Sla Kram,154
1266,សង្កាត់,171002,ស្វាយដង្គំ,Svay Dankum,154
1267,សង្កាត់,171003,គោកចក,Kok Chak,154
1268,សង្កាត់,171004,សាលាកំរើក,Sala Kamreuk,154
1269,សង្កាត់,171005,នគរធំ,Nokor Thum,154
1270,សង្កាត់,171006,ជ្រាវ,Chreav,154
1271,សង្កាត់,171007,ចុងឃ្នៀស,Chong Khnies,154
1272,សង្កាត់,171008,សំបួរ,Sngkat Sambuor,154
1273,សង្កាត់,171009,សៀមរាប,Siem Reab,154
1274,សង្កាត់,171010,ស្រង៉ែ,Srangae,154
1275,សង្កាត់,171012,ក្របីរៀល,Krabei Riel,154
1276,សង្កាត់,171013,ទឹកវិល,Tuek Vil,154
1277,ឃុំ,171101,ចាន់ស,Chan Sa,155
1278,ឃុំ,171102,ដំដែក,Dam Daek,155
1279,ឃុំ,171103,ដានរុន,Dan Run,155
1280,ឃុំ,171104,កំពង់ឃ្លាំង,Kampong Khleang,155
1281,ឃុំ,171105,កៀនសង្កែ,Kien Sangkae,155
1282,ឃុំ,171106,ខ្ចាស់,Khchas,155
1283,ឃុំ,171107,ខ្នារពោធិ៍,Khnar Pou,155
1284,ឃុំ,171108,ពពេល,Popel,155
1285,ឃុំ,171109,សំរោង,Samraong,155
1286,ឃុំ,171110,តាយ៉ែក,Ta Yaek,155
1287,ឃុំ,171201,ជ្រោយនាងងួន,Chrouy Neang Nguon,156
1288,ឃុំ,171202,ក្លាំងហាយ,Klang Hay,156
1289,ឃុំ,171203,ត្រាំសសរ,Tram Sasar,156
1290,ឃុំ,171204,មោង,Moung,156
1291,ឃុំ,171205,ប្រីយ៍,Prei,156
1292,ឃុំ,171206,ស្លែងស្ពាន,Slaeng Spean,156
1293,ឃុំ,171301,បឹងមាលា,Boeng Mealea,157
1294,ឃុំ,171302,កន្ទួត,Kantuot,157
1295,ឃុំ,171303,ខ្នងភ្នំ,Khnang Phnum,157
1296,ឃុំ,171304,ស្វាយលើ,Svay Leu,157
1297,ឃុំ,171305,តាសៀម,Ta Siem,157
1298,ឃុំ,171401,ប្រាសាទ,Prasat,158
1299,ឃុំ,171402,ល្វាក្រាំង,Lvea Krang,158
1300,ឃុំ,171403,ស្រែណូយ,Srae Nouy,158
1301,ឃុំ,171404,ស្វាយ ស,Svay Sa,158
1302,ឃុំ,171405,វ៉ារិន,Varin,158
1303,សង្កាត់,180101,លេខ១,lek Muoy,159
1304,សង្កាត់,180102,២,Pir,159
1305,សង្កាត់,180103,៣,Bei,159
1306,សង្កាត់,180104,៤,Buon,159
1307,ឃុំ,180201,អណ្ដូងថ្ម,Andoung Thma,160
1308,ឃុំ,180202,បឹងតាព្រហ្ម,Boeng Ta Prum,160
1309,ឃុំ,180203,បិតត្រាង,Bet Trang,160
1310,ឃុំ,180204,ជើងគោ,Cheung Kou,160
1311,ឃុំ,180205,អូរជ្រៅ,Ou Chrov,160
1312,ឃុំ,180206,អូរឧកញ៉ាហេង,Ou Oknha Heng,160
1313,ឃុំ,180207,ព្រៃនប់,Prey Nob,160
1314,ឃុំ,180208,រាម,Ream,160
1315,ឃុំ,180209,សាមគ្គី,Sameakki,160
1316,ឃុំ,180210,សំរុង,Samrong,160
1317,ឃុំ,180211,ទឹកល្អក់,Tuek L'ak,160
1318,ឃុំ,180212,ទឹកថ្លា,Tuek Thla,160
1319,ឃុំ,180213,ទួលទទឹង,Tuol Totueng,160
1320,ឃុំ,180214,វាលរេញ,Veal Renh,160
1321,ឃុំ,180215,តានៃ,Ta Ney,160
1322,ឃុំ,180301,កំពេញ,Kampenh,161
1323,ឃុំ,180302,អូរត្រេះ,Ou Treh,161
1324,ឃុំ,180303,ទំនប់រលក,Tumnob Rolok,161
1325,ឃុំ,180304,កែវផុស,Kaev Phos,161
1326,ឃុំ,180401,ចំការហ្លួង,Chamkar Luong,162
1327,ឃុំ,180402,កំពង់សីលា,Kampong Seila,162
1328,ឃុំ,180403,អូរបាក់រទេះ,Ou Bak Roteh,162
1329,ឃុំ,180404,ស្ទឹងឆាយ,Stueng Chhay,162
1330,សង្កាត់,180501,កោះរ៉ុង,Kaoh Rung,163
1331,សង្កាត់,180502,កោះរ៉ុងសន្លឹម,Koah Rung Sonlem,163
1332,ឃុំ,190101,កំភុន,Kamphun,164
1333,ឃុំ,190102,ក្បាលរមាស,Kbal Romeas,164
1334,ឃុំ,190103,ភ្លុក,Phluk,164
1335,ឃុំ,190104,សាមឃួយ,Samkhuoy,164
1336,ឃុំ,190105,ស្ដៅ,Sdau,164
1337,ឃុំ,190106,ស្រែគរ,Srae Kor,164
1338,ឃុំ,190107,តាឡាត,Ta Lat,164
1339,ឃុំ,190201,កោះព្រះ,Kaoh Preah,165
1340,ឃុំ,190202,កោះសំពាយ,Kaoh Sampeay,165
1341,ឃុំ,190203,កោះស្រឡាយ,Kaoh Sralay,165
1342,ឃុំ,190204,អូរម្រះ,Ou Mreah,165
1343,ឃុំ,190205,អូរឫស្សីកណ្ដាល,Ou Ruessei Kandal,165
1344,ឃុំ,190206,សៀមបូក,Siem Bouk,165
1345,ឃុំ,190207,ស្រែក្រសាំង,Srae Krasang,165
1346,ឃុំ,190301,ព្រែកមាស,Preaek Meas,166
1347,ឃុំ,190302,សេកុង,Sekong,166
1348,ឃុំ,190303,សន្ដិភាព,Santepheap,166
1349,ឃុំ,190304,ស្រែសំបូរ,Srae Sambour,166
1350,ឃុំ,190305,ថ្មកែវ,Tma Kaev,166
1351,សង្កាត់,190401,ស្ទឹងត្រែង,Stueng Traeng,167
1352,សង្កាត់,190402,ស្រះឫស្សី,Srah Ruessei,167
1353,សង្កាត់,190403,ព្រះបាទ,Preah Bat,167
1354,សង្កាត់,190404,សាមគ្គី,Sameakki,167
1355,ឃុំ,190501,អន្លង់ភេ,Anlong Phe,168
1356,ឃុំ,190502,ចំការលើ,Chamkar Leu,168
1357,ឃុំ,190503,កាំងចាម,Kang Cham,168
1358,ឃុំ,190505,អន្លង់ជ្រៃ,Anlong Chrey,168
1359,ឃុំ,190506,អូររ៉ៃ,Ou Rai,168
1360,ឃុំ,190509,សំអាង,Sam Ang,168
1361,ឃុំ,190510,ស្រែឫស្សី,Srae Ruessei,168
1362,ឃុំ,190511,ថាឡាបរិវ៉ាត់,Thala Barivat,168
1363,ឃុំ,190601,អូរស្វាយ,Ou Svay,169
1364,ឃុំ,190602,កោះស្នែង,Kaoh Snaeng,169
1365,ឃុំ,190603,ព្រះរំកិល,Preah Rumkel,169
1366,ឃុំ,200103,ចន្ទ្រា,Chantrea,170
1367,ឃុំ,200104,ច្រេស,Chres,170
1368,ឃុំ,200105,មេ សរថ្ងក,Me Sar Thngak,170
1369,ឃុំ,200108,ព្រៃគគីរ,Prey Kokir,170
1370,ឃុំ,200109,សំរោង,Samraong,170
1371,ឃុំ,200110,ទួលស្ដី,Tuol Sdei,170
1372,ឃុំ,200201,បន្ទាយក្រាំង,Banteay Krang,171
1373,ឃុំ,200202,ញរ,Nhor,171
1374,ឃុំ,200203,ខ្សែត្រ,Khsaetr,171
1375,ឃុំ,200204,ព្រះពន្លា,Preah Ponlea,171
1376,ឃុំ,200205,ព្រៃធំ,Prey Thum,171
1377,ឃុំ,200206,រាជមន្ទីរ,Reach Montir,171
1378,ឃុំ,200207,សំឡី,Samlei,171
1379,ឃុំ,200208,សំយ៉ោង,Samyaong,171
1380,ឃុំ,200209,ស្វាយតាយាន,Svay Ta Yean,171
1381,ឃុំ,200211,ថ្មី,Thmei,171
1382,ឃុំ,200212,ត្នោត,Tnaot,171
1383,ឃុំ,200301,បុសមន,Bos Mon,172
1384,ឃុំ,200302,ធ្មា,Thmea,172
1385,ឃុំ,200303,កំពង់ចក,Kampong Chak,172
1386,ឃុំ,200304,ជ្រុងពពេល,Chrung Popel,172
1387,ឃុំ,200305,កំពង់អំពិល,Kampong Ampil,172
1388,ឃុំ,200306,ម៉ឺនជ័យ,Meun Chey,172
1389,ឃុំ,200307,ពងទឹក,Pong Tuek,172
1390,ឃុំ,200308,សង្កែ,Sangkae,172
1391,ឃុំ,200309,ស្វាយចេក,Svay Chek,172
1392,ឃុំ,200310,ថ្នាធ្នង់,Thna Thnong,172
1393,ឃុំ,200401,អំពិល,Ampil,173
1394,ឃុំ,200402,អណ្ដូងពោធិ៍,Andoung Pou,173
1395,ឃុំ,200403,អណ្ដូងត្របែក,Andoung Trabaek,173
1396,ឃុំ,200404,អង្គប្រស្រែ,Angk Prasrae,173
1397,ឃុំ,200405,ចន្ដ្រី,Chantrei,173
1398,ឃុំ,200406,ជ្រៃធំ,Chrey Thum,173
1399,ឃុំ,200407,ដូង,Doung,173
1400,ឃុំ,200408,កំពង់ត្រាច,Kampong Trach,173
1401,ឃុំ,200409,គគីរ,Kokir,173
1402,ឃុំ,200410,ក្រសាំង,Krasang,173
1403,ឃុំ,200411,មុខដា,Mukh Da,173
1404,ឃុំ,200412,ម្រាម,Mream,173
1405,ឃុំ,200413,សំបួរ,Sambuor,173
1406,ឃុំ,200414,សម្បត្ដិមានជ័យ,Sambatt Mean Chey,173
1407,ឃុំ,200415,ត្រពាំងស្ដៅ,Trapeang Sdau,173
1408,ឃុំ,200416,ត្រស់,Tras,173
1409,ឃុំ,200501,អង្គតាសូ,Angk Ta Sou,174
1410,ឃុំ,200502,បាសាក់,Basak,174
1411,ឃុំ,200503,ចំបក់,Chambak,174
1412,ឃុំ,200504,កំពង់ចំឡង,Kampong Chamlang,174
1413,ឃុំ,200505,តាសួស,Ta Suos,174
1414,ឃុំ,200507,ឈើទាល,Chheu Teal,174
1415,ឃុំ,200508,ដូនស,Doun Sa,174
1416,ឃុំ,200509,គោកព្រីង,Kouk Pring,174
1417,ឃុំ,200510,ក្រោលគោ,Kraol Kou,174
1418,ឃុំ,200511,គ្រួស,Kruos,174
1419,ឃុំ,200512,ពោធិរាជ,Pouthi Reach,174
1420,ឃុំ,200513,ស្វាយអង្គ,Svay Angk,174
1421,ឃុំ,200514,ស្វាយជ្រំ,Svay Chrum,174
1422,ឃុំ,200515,ស្វាយធំ,Svay Thum,174
1423,ឃុំ,200516,ស្វាយយា,Svay Yea,174
1424,ឃុំ,200517,ធ្លក,Thlok,174
1425,សង្កាត់,200601,ស្វាយរៀង,Svay Rieng,175
1426,សង្កាត់,200602,ព្រៃឆ្លាក់,Prey Chhlak,175
1427,សង្កាត់,200603,គយត្របែក,Koy Trabaek,175
1428,សង្កាត់,200604,ពោធិ៍តាហោ,Pou Ta Hao,175
1429,សង្កាត់,200605,ចេក,Chek,175
1430,សង្កាត់,200606,ស្វាយតឿ,Svay Toea,175
1431,សង្កាត់,200607,សង្ឃរ័,Sangkhoar,175
1432,ឃុំ,200702,គគីសោម,Koki Saom,176
1433,ឃុំ,200703,កណ្ដៀងរាយ,Kandieng Reay,176
1434,ឃុំ,200704,មនោរម្យ,Monourom,176
1435,ឃុំ,200705,ពពែត,Popeaet,176
1436,ឃុំ,200706,ព្រៃតាអី,Prey Ta Ei,176
1437,ឃុំ,200707,ប្រសូត្រ,Prasoutr,176
1438,ឃុំ,200708,រមាំងថ្កោល,Romeang Thkaol,176
1439,ឃុំ,200709,សំបួរ,Sambuor,176
1440,ឃុំ,200711,ស្វាយរំពារ,Svay Rumpear,176
1441,សង្កាត់,200801,បាទី,Bati,177
1442,សង្កាត់,200802,បាវិត,Bavet,177
1443,សង្កាត់,200803,ច្រកម្ទេស,Chrak Mtes,177
1444,សង្កាត់,200804,ប្រាសាទ,Prasat,177
1445,សង្កាត់,200805,ព្រៃអង្គុញ,Prey Angkunh,177
1446,ឃុំ,210101,អង្គរបូរី,Angkor Borei,178
1447,ឃុំ,210102,បាស្រែ,Ba Srae,178
1448,ឃុំ,210103,គោកធ្លក,Kouk Thlok,178
1449,ឃុំ,210104,ពន្លៃ,Ponley,178
1450,ឃុំ,210105,ព្រែកផ្ទោល,Preaek Phtoul,178
1451,ឃុំ,210106,ព្រៃផ្គាំ,Prey Phkoam,178
1452,ឃុំ,210201,ចំបក់,Chambak,179
1453,ឃុំ,210202,ចំប៉ី,Champei,179
1454,ឃុំ,210203,ដូង,Doung,179
1455,ឃុំ,210204,កណ្ដឹង,Kandoeng,179
1456,ឃុំ,210205,កុមាររាជា,Komar Reachea,179
1457,ឃុំ,210206,ក្រាំងលាវ,Krang Leav,179
1458,ឃុំ,210207,ក្រាំងធ្នង់,Krang Thnong,179
1459,ឃុំ,210208,លំពង់,Lumpong,179
1460,ឃុំ,210209,ពារាម,Pea Ream,179
1461,ឃុំ,210210,ពត់សរ,Pot Sar,179
1462,ឃុំ,210211,សូរភី,Sour Phi,179
1463,ឃុំ,210212,តាំងដូង,Tang Doung,179
1464,ឃុំ,210213,ត្នោត,Tnaot,179
1465,ឃុំ,210214,ត្រពាំងក្រសាំង,Trapeang Krasang,179
1466,ឃុំ,210215,ត្រពាំងសាប,Trapeang Sab,179
1467,ឃុំ,210301,បូរីជលសារ,Borei Cholsar,180
1468,ឃុំ,210302,ជ័យជោគ,Chey Chouk,180
1469,ឃុំ,210303,ដូងខ្ពស់,Doung Khpos,180
1470,ឃុំ,210304,កំពង់ក្រសាំង,Kampong Krasang,180
1471,ឃុំ,210305,គោកពោធិ៍,Kouk Pou,180
1472,ឃុំ,210401,អង្គប្រាសាទ,Angk Prasat,181
1473,ឃុំ,210402,ព្រះបាទជាន់ជុំ,Preah Bat Choan Chum,181
1474,ឃុំ,210403,កំណប់,Kamnab,181
1475,ឃុំ,210404,កំពែង,Kampeaeng,181
1476,ឃុំ,210405,គីរីចុងកោះ,Kiri Chong Kaoh,181
1477,ឃុំ,210406,គោកព្រេច,Kouk Prech,181
1478,ឃុំ,210407,ភ្នំដិន,Phnum Den,181
1479,ឃុំ,210408,ព្រៃអំពក,Prey Ampok,181
1480,ឃុំ,210409,ព្រៃរំដេង,Prey Rumdeng,181
1481,ឃុំ,210410,រាមអណ្ដើក,Ream Andaeuk,181
1482,ឃុំ,210411,សោម,Saom,181
1483,ឃុំ,210412,តាអូរ,Ta Ou,181
1484,ឃុំ,210501,ក្រពុំឈូក,Krapum Chhuk,182
1485,ឃុំ,210502,ពេជសារ,Pech Sar,182
1486,ឃុំ,210503,ព្រៃខ្លា,Prey Khla,182
1487,ឃុំ,210504,ព្រៃយុថ្កា,Prey Yuthka,182
1488,ឃុំ,210505,រមេញ,Romenh,182
1489,ឃុំ,210506,ធ្លាប្រជុំ,Thlea Prachum,182
1490,ឃុំ,210601,អង្កាញ់,Angkanh,183
1491,ឃុំ,210602,បានកាម,Ban Kam,183
1492,ឃុំ,210603,ចំប៉ា,Champa,183
1493,ឃុំ,210604,ចារ,Char,183
1494,ឃុំ,210605,កំពែង,Kampeaeng,183
1495,ឃុំ,210606,កំពង់រាប,Kampong Reab,183
1496,ឃុំ,210607,ក្ដាញ់,Kdanh,183
1497,ឃុំ,210608,ពោធិ៍រំចាក,Pou Rumchak,183
1498,ឃុំ,210609,ព្រៃកប្បាស,Prey Kabbas,183
1499,ឃុំ,210610,ព្រៃល្វា,Prey Lvea,183
1500,ឃុំ,210611,ព្រៃផ្ដៅ,Prey Phdau,183
1501,ឃុំ,210612,ស្នោ,Snao,183
1502,ឃុំ,210613,តាំងយ៉ាប,Tang Yab,183
1503,ឃុំ,210701,បឹងត្រាញ់ខាងជើង,Boeng Tranh Khang Cheung,184
1504,ឃុំ,210702,បឹងត្រាញ់ខាងត្បូង,Boeng Tranh Khang Tboung,184
1505,ឃុំ,210703,ជើងគួន,Cheung Kuon,184
1506,ឃុំ,210704,ជំរះពេន,Chumreah Pen,184
1507,ឃុំ,210705,ខ្វាវ,Khvav,184
1508,ឃុំ,210706,លំចង់,Lumchang,184
1509,ឃុំ,210707,រវៀង,Rovieng,184
1510,ឃុំ,210708,សំរោង,Samraong,184
1511,ឃុំ,210709,សឹង្ហ,Soengh,184
1512,ឃុំ,210710,ស្លា,Sla,184
1513,ឃុំ,210711,ទ្រា,Trea,184
1514,សង្កាត់,210801,បារាយណ៍,Baray,185
1515,សង្កាត់,210802,រកាក្នុង,Roka Knong,185
1516,សង្កាត់,210803,រកាក្រៅ,Roka Krau,185
1517,ឃុំ,210901,អង្គតាសោម,Angk Ta Saom,186
1518,ឃុំ,210902,ជាងទង,Cheang Tong,186
1519,ឃុំ,210903,គុស,Kus,186
1520,ឃុំ,210904,លាយបូរ,Leay Bour,186
1521,ឃុំ,210905,ញ៉ែងញ៉ង,Nhaeng Nhang,186
1522,ឃុំ,210906,អូរសារាយ,Ou Saray,186
1523,ឃុំ,210907,ត្រពាំងក្រញូង,Trapeang Kranhoung,186
1524,ឃុំ,210908,ឧត្ដមសុរិយា,Otdam Soriya,186
1525,ឃុំ,210909,ពពេល,Popel,186
1526,ឃុំ,210910,សំរោង,Samraong,186
1527,ឃុំ,210911,ស្រែរនោង,Srae Ronoung,186
1528,ឃុំ,210912,តាភេម,Ta Phem,186
1529,ឃុំ,210913,ត្រាំកក់,Tram Kak,186
1530,ឃុំ,210914,ត្រពាំងធំខាងជើង,Trapeang Thum Khang Cheung,186
1531,ឃុំ,210915,ត្រពាំងធំខាងត្បូង,Trapeang Thum Khang Tboung,186
1532,ឃុំ,211001,អង្កាញ់,Angkanh,187
1533,ឃុំ,211002,អង្គខ្នុរ,Angk Khnor,187
1534,ឃុំ,211003,ជីខ្មា,Chi Khma,187
1535,ឃុំ,211004,ខ្វាវ,Khvav,187
1536,ឃុំ,211005,ប្រាំបីមុំ,Prambei Mum,187
1537,ឃុំ,211006,អង្គកែវ,Angk Kaev,187
1538,ឃុំ,211007,ព្រៃស្លឹក,Prey Sloek,187
1539,ឃុំ,211008,រនាម,Roneam,187
1540,ឃុំ,211009,សំបួរ,Sambuor,187
1541,ឃុំ,211010,សន្លុង,Sanlung,187
1542,ឃុំ,211011,ស្មោង,Smaong,187
1543,ឃុំ,211012,ស្រង៉ែ,Srangae,187
1544,ឃុំ,211013,ធ្លក,Thlok,187
1545,ឃុំ,211014,ត្រឡាច,Tralach,187
1546,ឃុំ,220101,អន្លង់វែង,Anlong Veaeng,188
1547,ឃុំ,220103,ត្រពាំងតាវ,Trapeang Tav,188
1548,ឃុំ,220104,ត្រពាំងប្រីយ៍,Trapeang Prei,188
1549,ឃុំ,220105,ថ្លាត,Thlat,188
1550,ឃុំ,220106,លំទង,Lumtong,188
1551,ឃុំ,220201,អំពិល,Ampil,189
1552,ឃុំ,220202,បេង,Beng,189
1553,ឃុំ,220203,គោកខ្ពស់,Kouk Khpos,189
1554,ឃុំ,220204,គោកមន,Kouk Mon,189
1555,ឃុំ,220301,ជើងទៀន,Cheung Tien,190
1556,ឃុំ,220302,ចុងកាល់,Chong Kal,190
1557,ឃុំ,220303,ក្រសាំង,Krasang,190
1558,ឃុំ,220304,ពង្រ,Pongro,190
1559,សង្កាត់,220401,បន្សាយរាក់,Bansay Reak,191
1560,សង្កាត់,220402,បុស្បូវ,Bos Sbov,191
1561,សង្កាត់,220403,កូនក្រៀល,Koun Kriel,191
1562,សង្កាត់,220404,សំរោង,Samraong,191
1563,សង្កាត់,220405,អូរស្មាច់,Ou Smach,191
1564,ឃុំ,220501,បាក់អន្លូង,Bak Anloung,192
1565,ឃុំ,220502,ផ្អាវ,Ph'av,192
1566,ឃុំ,220503,អូរស្វាយ,Ou Svay,192
1567,ឃុំ,220504,ព្រះប្រឡាយ,Preah Pralay,192
1568,ឃុំ,220505,ទំនប់ដាច់,Tumnob Dach,192
1569,ឃុំ,220506,ត្រពាំងប្រាសាទ,Trapeang Prasat,192
1570,ឃុំ,230101,អង្កោល,Angkaol,193
1571,ឃុំ,230103,ពងទឹក,Pong Tuek,193
1572,សង្កាត់,230201,កែប,Kaeb,194
1573,សង្កាត់,230202,ព្រៃធំ,Prey Thum,194
1574,សង្កាត់,230203,អូរក្រសារ,Ou Krasar,194
1575,សង្កាត់,240101,ប៉ៃលិន,Pailin,195
1576,សង្កាត់,240102,អូរតាវ៉ៅ,Ou Ta Vau,195
1577,សង្កាត់,240103,ទួលល្វា,Tuol Lvea,195
1578,សង្កាត់,240104,បរយ៉ាខា,Bar Yakha,195
1579,ឃុំ,240201,សាលាក្រៅ,Sala Krau,196
1580,ឃុំ,240202,ស្ទឹងត្រង់,Stueng Trang,196
1581,ឃុំ,240203,ស្ទឹងកាច់,Stueng Kach,196
1582,ឃុំ,240204,អូរអណ្ដូង,Ou Andoung,196
1583,ឃុំ,250101,ចុងជាច,Chong Cheach,197
1584,ឃុំ,250102,តំបែរ,Dambae,197
1585,ឃុំ,250103,គោកស្រុក,Kouk Srok,197
1586,ឃុំ,250104,នាងទើត,Neang Teut,197
1587,ឃុំ,250105,សេដា,Seda,197
1588,ឃុំ,250106,ត្រពាំងព្រីង,Trapeang Pring,197
1589,ឃុំ,250107,ទឹកជ្រៅ,Tuek Chrov,197
1590,ឃុំ,250201,ឈូក,Chhuk,198
1591,ឃុំ,250202,ជំនីក,Chumnik,198
1592,ឃុំ,250203,កំពង់ទ្រាស,Kampong Treas,198
1593,ឃុំ,250204,កោះពីរ,Kaoh Pir,198
1594,ឃុំ,250205,ក្រូចឆ្មារ,Krouch Chhmar,198
1595,ឃុំ,250206,ប៉ឺស១,Peus Muoy,198
1596,ឃុំ,250207,ប៉ឺស២,Peus Pir,198
1597,ឃុំ,250208,ព្រែកអាជី,Preaek A chi,198
1598,ឃុំ,250209,រការខ្នុរ,Roka Khnor,198
1599,ឃុំ,250210,ស្វាយឃ្លាំង,Svay Khleang,198
1600,ឃុំ,250211,ទ្រា,Trea,198
1601,ឃុំ,250212,ទួលស្នួល,Tuol Snuol,198
1602,ឃុំ,250301,ចាន់មូល,Chan Mul,199
1603,ឃុំ,250302,ជាំ,Choam,199
1604,ឃុំ,250303,ជាំក្រវៀន,Choam Kravien,199
1605,ឃុំ,250304,ជាំតាម៉ៅ,Choam Ta Mau,199
1606,ឃុំ,250305,ដារ,Dar,199
1607,ឃុំ,250306,កំពាន់,Kampoan,199
1608,ឃុំ,250307,គគីរ,Kokir,199
1609,ឃុំ,250308,មេមង,Memong,199
1610,ឃុំ,250309,មេមត់,Memot,199
1611,ឃុំ,250310,រំចេក,Rumchek,199
1612,ឃុំ,250311,រូង,Rung,199
1613,ឃុំ,250312,ទន្លូង,Tonlung,199
1614,ឃុំ,250313,ត្រមូង,Tramung,199
1615,ឃុំ,250314,ទ្រៀក,Triek,199
1616,ឃុំ,250401,អំពិលតាពក,Ampil Ta Pok,200
1617,ឃុំ,250402,ចក,Chak,200
1618,ឃុំ,250403,ដំរិល,Damril,200
1619,ឃុំ,250404,គងជ័យ,Kong Chey,200
1620,ឃុំ,250405,មៀន,Mien,200
1621,ឃុំ,250406,ព្រះធាតុ,Preah Theat,200
1622,ឃុំ,250407,ទួលសូភី,Tuol Souphi,200
1623,ឃុំ,250501,ដូនតី,Dountei,201
1624,ឃុំ,250502,កក់,Kak,201
1625,ឃុំ,250503,កណ្ដោលជ្រុំ,Kandaol Chrum,201
1626,ឃុំ,250504,កោងកាង,Kaong Kang,201
1627,ឃុំ,250505,ក្រែក,Kraek,201
1628,ឃុំ,250506,ពពេល,Popel,201
1629,ឃុំ,250507,ត្រពាំងផ្លុង,Trapeang Phlong,201
1630,ឃុំ,250508,វាលម្លូរ,Veal Mlu,201
1631,សង្កាត់,250601,សួង,Suong,202
1632,សង្កាត់,250602,វិហារលួង,Vihear Luong,202
1633,ឃុំ,250701,អញ្ចើម,Anhchaeum,203
1634,ឃុំ,250702,បឹងព្រួល,Boeng Pruol,203
1635,ឃុំ,250703,ជីគរ,Chikor,203
1636,ឃុំ,250704,ជីរោទ៍ ទី១,Chirou Ti Muoy,203
1637,ឃុំ,250705,ជីរោទ៍ ទី២,Chirou Ti Pir,203
1638,ឃុំ,250706,ជប់,Chob,203
1639,ឃុំ,250707,គរ,Kor,203
1640,ឃុំ,250708,ល្ងៀង,Lngieng,203
1641,ឃុំ,250709,មង់រៀវ,Mong Riev,203
1642,ឃុំ,250710,ពាមជីលាំង,Peam Chileang,203
1643,ឃុំ,250711,រកាពប្រាំ,Roka Po Pram,203
1644,ឃុំ,250712,ស្រឡប់,Sralab,203
1645,ឃុំ,250713,ថ្មពេជ្រ,Thma Pech,203
1646,ឃុំ,250714,ទន្លេបិទ,Tonle Bet,203